Command line invocation:
    /Applications/Xcode_16.4.app/Contents/Developer/usr/bin/xcodebuild -project ios/Paladala/Paladala.xcodeproj -scheme Paladala -configuration Release -sdk iphoneos -destination generic/platform=iOS -derivedDataPath build/ios-derived-data "HEADER_SEARCH_PATHS=/Users/runner/work/_temp/ffmpeg-build/arm64/include $(inherited)" "LIBRARY_SEARCH_PATHS=/Users/runner/work/_temp/ffmpeg-build/arm64/lib $(inherited)" "OTHER_LDFLAGS=-lavformat -lavcodec -lavutil -lswresample -liconv -lz $(inherited)" CODE_SIGNING_ALLOWED=NO CODE_SIGNING_REQUIRED=NO CODE_SIGN_IDENTITY= build

Build settings from command line:
    CODE_SIGN_IDENTITY = 
    CODE_SIGNING_ALLOWED = NO
    CODE_SIGNING_REQUIRED = NO
    HEADER_SEARCH_PATHS = /Users/runner/work/_temp/ffmpeg-build/arm64/include $(inherited)
    LIBRARY_SEARCH_PATHS = /Users/runner/work/_temp/ffmpeg-build/arm64/lib $(inherited)
    OTHER_LDFLAGS = -lavformat -lavcodec -lavutil -lswresample -liconv -lz $(inherited)
    SDKROOT = iphoneos18.5

note: Using codesigning identity override: 
ComputePackagePrebuildTargetDependencyGraph

Prepare packages

CreateBuildRequest

SendProjectDescription

CreateBuildOperation

ComputeTargetDependencyGraph
note: Building targets in dependency order
note: Target dependency graph (2 targets)
    Target 'Paladala' in project 'Paladala'
        ➜ Explicit dependency on target 'PaladalaWidget' in project 'Paladala'
    Target 'PaladalaWidget' in project 'Paladala' (no dependencies)

GatherProvisioningInputs

CreateBuildDescription

ExecuteExternalTool /Applications/Xcode_16.4.app/Contents/Developer/Toolchains/XcodeDefault.xctoolchain/usr/bin/swiftc --version

ExecuteExternalTool /Applications/Xcode_16.4.app/Contents/Developer/usr/bin/actool --print-asset-tag-combinations --output-format xml1 /Users/runner/work/pure-bilibili-rethinking/pure-bilibili-rethinking/ios/Paladala/Paladala/Assets.xcassets

ExecuteExternalTool /Applications/Xcode_16.4.app/Contents/Developer/Toolchains/XcodeDefault.xctoolchain/usr/bin/clang -v -E -dM -isysroot /Applications/Xcode_16.4.app/Contents/Developer/Platforms/iPhoneOS.platform/Developer/SDKs/iPhoneOS18.5.sdk -x c -c /dev/null

ExecuteExternalTool /Applications/Xcode_16.4.app/Contents/Developer/Toolchains/XcodeDefault.xctoolchain/usr/bin/ld -version_details

ExecuteExternalTool /Applications/Xcode_16.4.app/Contents/Developer/usr/bin/actool --version --output-format xml1

Build description signature: 9bca989fffafe378851bbe54063ee0d6
Build description path: /Users/runner/work/pure-bilibili-rethinking/pure-bilibili-rethinking/build/ios-derived-data/Build/Intermediates.noindex/XCBuildData/9bca989fffafe378851bbe54063ee0d6.xcbuilddata
ClangStatCache /Applications/Xcode_16.4.app/Contents/Developer/Toolchains/XcodeDefault.xctoolchain/usr/bin/clang-stat-cache /Applications/Xcode_16.4.app/Contents/Developer/Platforms/iPhoneOS.platform/Developer/SDKs/iPhoneOS18.5.sdk /Users/runner/work/pure-bilibili-rethinking/pure-bilibili-rethinking/build/ios-derived-data/SDKStatCaches.noindex/iphoneos18.5-22F76-a529daf784b3616c7c04a36aeb7f5c05.sdkstatcache
    cd /Users/runner/work/pure-bilibili-rethinking/pure-bilibili-rethinking/ios/Paladala/Paladala.xcodeproj
    /Applications/Xcode_16.4.app/Contents/Developer/Toolchains/XcodeDefault.xctoolchain/usr/bin/clang-stat-cache /Applications/Xcode_16.4.app/Contents/Developer/Platforms/iPhoneOS.platform/Developer/SDKs/iPhoneOS18.5.sdk -o /Users/runner/work/pure-bilibili-rethinking/pure-bilibili-rethinking/build/ios-derived-data/SDKStatCaches.noindex/iphoneos18.5-22F76-a529daf784b3616c7c04a36aeb7f5c05.sdkstatcache

CreateBuildDirectory /Users/runner/work/pure-bilibili-rethinking/pure-bilibili-rethinking/build/ios-derived-data/Build/Products
    cd /Users/runner/work/pure-bilibili-rethinking/pure-bilibili-rethinking/ios/Paladala/Paladala.xcodeproj
    builtin-create-build-directory /Users/runner/work/pure-bilibili-rethinking/pure-bilibili-rethinking/build/ios-derived-data/Build/Products

CreateBuildDirectory /Users/runner/work/pure-bilibili-rethinking/pure-bilibili-rethinking/build/ios-derived-data/Build/Intermediates.noindex
    cd /Users/runner/work/pure-bilibili-rethinking/pure-bilibili-rethinking/ios/Paladala/Paladala.xcodeproj
    builtin-create-build-directory /Users/runner/work/pure-bilibili-rethinking/pure-bilibili-rethinking/build/ios-derived-data/Build/Intermediates.noindex

WriteAuxiliaryFile /Users/runner/work/pure-bilibili-rethinking/pure-bilibili-rethinking/build/ios-derived-data/Build/Intermediates.noindex/Paladala.build/Release-iphoneos/Paladala-a5582221b976af76ed8cb913eff751ef-VFS-iphoneos/all-product-headers.yaml
    cd /Users/runner/work/pure-bilibili-rethinking/pure-bilibili-rethinking/ios/Paladala/Paladala.xcodeproj
    write-file /Users/runner/work/pure-bilibili-rethinking/pure-bilibili-rethinking/build/ios-derived-data/Build/Intermediates.noindex/Paladala.build/Release-iphoneos/Paladala-a5582221b976af76ed8cb913eff751ef-VFS-iphoneos/all-product-headers.yaml

CreateBuildDirectory /Users/runner/work/pure-bilibili-rethinking/pure-bilibili-rethinking/build/ios-derived-data/Build/Products/Release-iphoneos
    cd /Users/runner/work/pure-bilibili-rethinking/pure-bilibili-rethinking/ios/Paladala/Paladala.xcodeproj
    builtin-create-build-directory /Users/runner/work/pure-bilibili-rethinking/pure-bilibili-rethinking/build/ios-derived-data/Build/Products/Release-iphoneos

CreateBuildDirectory /Users/runner/work/pure-bilibili-rethinking/pure-bilibili-rethinking/build/ios-derived-data/Build/Intermediates.noindex/EagerLinkingTBDs/Release-iphoneos
    cd /Users/runner/work/pure-bilibili-rethinking/pure-bilibili-rethinking/ios/Paladala/Paladala.xcodeproj
    builtin-create-build-directory /Users/runner/work/pure-bilibili-rethinking/pure-bilibili-rethinking/build/ios-derived-data/Build/Intermediates.noindex/EagerLinkingTBDs/Release-iphoneos

WriteAuxiliaryFile /Users/runner/work/pure-bilibili-rethinking/pure-bilibili-rethinking/build/ios-derived-data/Build/Intermediates.noindex/Paladala.build/Release-iphoneos/PaladalaWidget.build/PaladalaWidget.hmap (in target 'PaladalaWidget' from project 'Paladala')
    cd /Users/runner/work/pure-bilibili-rethinking/pure-bilibili-rethinking/ios/Paladala
    write-file /Users/runner/work/pure-bilibili-rethinking/pure-bilibili-rethinking/build/ios-derived-data/Build/Intermediates.noindex/Paladala.build/Release-iphoneos/PaladalaWidget.build/PaladalaWidget.hmap

WriteAuxiliaryFile /Users/runner/work/pure-bilibili-rethinking/pure-bilibili-rethinking/build/ios-derived-data/Build/Intermediates.noindex/Paladala.build/Release-iphoneos/PaladalaWidget.build/PaladalaWidget.DependencyStaticMetadataFileList (in target 'PaladalaWidget' from project 'Paladala')
    cd /Users/runner/work/pure-bilibili-rethinking/pure-bilibili-rethinking/ios/Paladala
    write-file /Users/runner/work/pure-bilibili-rethinking/pure-bilibili-rethinking/build/ios-derived-data/Build/Intermediates.noindex/Paladala.build/Release-iphoneos/PaladalaWidget.build/PaladalaWidget.DependencyStaticMetadataFileList

WriteAuxiliaryFile /Users/runner/work/pure-bilibili-rethinking/pure-bilibili-rethinking/build/ios-derived-data/Build/Intermediates.noindex/Paladala.build/Release-iphoneos/PaladalaWidget.build/PaladalaWidget.DependencyMetadataFileList (in target 'PaladalaWidget' from project 'Paladala')
    cd /Users/runner/work/pure-bilibili-rethinking/pure-bilibili-rethinking/ios/Paladala
    write-file /Users/runner/work/pure-bilibili-rethinking/pure-bilibili-rethinking/build/ios-derived-data/Build/Intermediates.noindex/Paladala.build/Release-iphoneos/PaladalaWidget.build/PaladalaWidget.DependencyMetadataFileList

WriteAuxiliaryFile /Users/runner/work/pure-bilibili-rethinking/pure-bilibili-rethinking/build/ios-derived-data/Build/Intermediates.noindex/Paladala.build/Release-iphoneos/PaladalaWidget.build/PaladalaWidget-project-headers.hmap (in target 'PaladalaWidget' from project 'Paladala')
    cd /Users/runner/work/pure-bilibili-rethinking/pure-bilibili-rethinking/ios/Paladala
    write-file /Users/runner/work/pure-bilibili-rethinking/pure-bilibili-rethinking/build/ios-derived-data/Build/Intermediates.noindex/Paladala.build/Release-iphoneos/PaladalaWidget.build/PaladalaWidget-project-headers.hmap

WriteAuxiliaryFile /Users/runner/work/pure-bilibili-rethinking/pure-bilibili-rethinking/build/ios-derived-data/Build/Intermediates.noindex/Paladala.build/Release-iphoneos/PaladalaWidget.build/PaladalaWidget-own-target-headers.hmap (in target 'PaladalaWidget' from project 'Paladala')
    cd /Users/runner/work/pure-bilibili-rethinking/pure-bilibili-rethinking/ios/Paladala
    write-file /Users/runner/work/pure-bilibili-rethinking/pure-bilibili-rethinking/build/ios-derived-data/Build/Intermediates.noindex/Paladala.build/Release-iphoneos/PaladalaWidget.build/PaladalaWidget-own-target-headers.hmap

WriteAuxiliaryFile /Users/runner/work/pure-bilibili-rethinking/pure-bilibili-rethinking/build/ios-derived-data/Build/Intermediates.noindex/Paladala.build/Release-iphoneos/PaladalaWidget.build/PaladalaWidget-generated-files.hmap (in target 'PaladalaWidget' from project 'Paladala')
    cd /Users/runner/work/pure-bilibili-rethinking/pure-bilibili-rethinking/ios/Paladala
    write-file /Users/runner/work/pure-bilibili-rethinking/pure-bilibili-rethinking/build/ios-derived-data/Build/Intermediates.noindex/Paladala.build/Release-iphoneos/PaladalaWidget.build/PaladalaWidget-generated-files.hmap

WriteAuxiliaryFile /Users/runner/work/pure-bilibili-rethinking/pure-bilibili-rethinking/build/ios-derived-data/Build/Intermediates.noindex/Paladala.build/Release-iphoneos/PaladalaWidget.build/PaladalaWidget-all-target-headers.hmap (in target 'PaladalaWidget' from project 'Paladala')
    cd /Users/runner/work/pure-bilibili-rethinking/pure-bilibili-rethinking/ios/Paladala
    write-file /Users/runner/work/pure-bilibili-rethinking/pure-bilibili-rethinking/build/ios-derived-data/Build/Intermediates.noindex/Paladala.build/Release-iphoneos/PaladalaWidget.build/PaladalaWidget-all-target-headers.hmap

WriteAuxiliaryFile /Users/runner/work/pure-bilibili-rethinking/pure-bilibili-rethinking/build/ios-derived-data/Build/Intermediates.noindex/Paladala.build/Release-iphoneos/PaladalaWidget.build/PaladalaWidget-all-non-framework-target-headers.hmap (in target 'PaladalaWidget' from project 'Paladala')
    cd /Users/runner/work/pure-bilibili-rethinking/pure-bilibili-rethinking/ios/Paladala
    write-file /Users/runner/work/pure-bilibili-rethinking/pure-bilibili-rethinking/build/ios-derived-data/Build/Intermediates.noindex/Paladala.build/Release-iphoneos/PaladalaWidget.build/PaladalaWidget-all-non-framework-target-headers.hmap

WriteAuxiliaryFile /Users/runner/work/pure-bilibili-rethinking/pure-bilibili-rethinking/build/ios-derived-data/Build/Intermediates.noindex/Paladala.build/Release-iphoneos/PaladalaWidget.build/Objects-normal/arm64/PaladalaWidget_const_extract_protocols.json (in target 'PaladalaWidget' from project 'Paladala')
    cd /Users/runner/work/pure-bilibili-rethinking/pure-bilibili-rethinking/ios/Paladala
    write-file /Users/runner/work/pure-bilibili-rethinking/pure-bilibili-rethinking/build/ios-derived-data/Build/Intermediates.noindex/Paladala.build/Release-iphoneos/PaladalaWidget.build/Objects-normal/arm64/PaladalaWidget_const_extract_protocols.json

WriteAuxiliaryFile /Users/runner/work/pure-bilibili-rethinking/pure-bilibili-rethinking/build/ios-derived-data/Build/Intermediates.noindex/Paladala.build/Release-iphoneos/PaladalaWidget.build/Objects-normal/arm64/PaladalaWidget.SwiftFileList (in target 'PaladalaWidget' from project 'Paladala')
    cd /Users/runner/work/pure-bilibili-rethinking/pure-bilibili-rethinking/ios/Paladala
    write-file /Users/runner/work/pure-bilibili-rethinking/pure-bilibili-rethinking/build/ios-derived-data/Build/Intermediates.noindex/Paladala.build/Release-iphoneos/PaladalaWidget.build/Objects-normal/arm64/PaladalaWidget.SwiftFileList

WriteAuxiliaryFile /Users/runner/work/pure-bilibili-rethinking/pure-bilibili-rethinking/build/ios-derived-data/Build/Intermediates.noindex/Paladala.build/Release-iphoneos/PaladalaWidget.build/Objects-normal/arm64/PaladalaWidget.SwiftConstValuesFileList (in target 'PaladalaWidget' from project 'Paladala')
    cd /Users/runner/work/pure-bilibili-rethinking/pure-bilibili-rethinking/ios/Paladala
    write-file /Users/runner/work/pure-bilibili-rethinking/pure-bilibili-rethinking/build/ios-derived-data/Build/Intermediates.noindex/Paladala.build/Release-iphoneos/PaladalaWidget.build/Objects-normal/arm64/PaladalaWidget.SwiftConstValuesFileList

WriteAuxiliaryFile /Users/runner/work/pure-bilibili-rethinking/pure-bilibili-rethinking/build/ios-derived-data/Build/Intermediates.noindex/Paladala.build/Release-iphoneos/PaladalaWidget.build/Objects-normal/arm64/PaladalaWidget.LinkFileList (in target 'PaladalaWidget' from project 'Paladala')
    cd /Users/runner/work/pure-bilibili-rethinking/pure-bilibili-rethinking/ios/Paladala
    write-file /Users/runner/work/pure-bilibili-rethinking/pure-bilibili-rethinking/build/ios-derived-data/Build/Intermediates.noindex/Paladala.build/Release-iphoneos/PaladalaWidget.build/Objects-normal/arm64/PaladalaWidget.LinkFileList

WriteAuxiliaryFile /Users/runner/work/pure-bilibili-rethinking/pure-bilibili-rethinking/build/ios-derived-data/Build/Intermediates.noindex/Paladala.build/Release-iphoneos/PaladalaWidget.build/Objects-normal/arm64/PaladalaWidget-OutputFileMap.json (in target 'PaladalaWidget' from project 'Paladala')
    cd /Users/runner/work/pure-bilibili-rethinking/pure-bilibili-rethinking/ios/Paladala
    write-file /Users/runner/work/pure-bilibili-rethinking/pure-bilibili-rethinking/build/ios-derived-data/Build/Intermediates.noindex/Paladala.build/Release-iphoneos/PaladalaWidget.build/Objects-normal/arm64/PaladalaWidget-OutputFileMap.json

WriteAuxiliaryFile /Users/runner/work/pure-bilibili-rethinking/pure-bilibili-rethinking/build/ios-derived-data/Build/Intermediates.noindex/Paladala.build/Release-iphoneos/Paladala.build/Paladala.hmap (in target 'Paladala' from project 'Paladala')
    cd /Users/runner/work/pure-bilibili-rethinking/pure-bilibili-rethinking/ios/Paladala
    write-file /Users/runner/work/pure-bilibili-rethinking/pure-bilibili-rethinking/build/ios-derived-data/Build/Intermediates.noindex/Paladala.build/Release-iphoneos/Paladala.build/Paladala.hmap

WriteAuxiliaryFile /Users/runner/work/pure-bilibili-rethinking/pure-bilibili-rethinking/build/ios-derived-data/Build/Intermediates.noindex/Paladala.build/Release-iphoneos/Paladala.build/Paladala.DependencyStaticMetadataFileList (in target 'Paladala' from project 'Paladala')
    cd /Users/runner/work/pure-bilibili-rethinking/pure-bilibili-rethinking/ios/Paladala
    write-file /Users/runner/work/pure-bilibili-rethinking/pure-bilibili-rethinking/build/ios-derived-data/Build/Intermediates.noindex/Paladala.build/Release-iphoneos/Paladala.build/Paladala.DependencyStaticMetadataFileList

WriteAuxiliaryFile /Users/runner/work/pure-bilibili-rethinking/pure-bilibili-rethinking/build/ios-derived-data/Build/Intermediates.noindex/Paladala.build/Release-iphoneos/Paladala.build/Paladala.DependencyMetadataFileList (in target 'Paladala' from project 'Paladala')
    cd /Users/runner/work/pure-bilibili-rethinking/pure-bilibili-rethinking/ios/Paladala
    write-file /Users/runner/work/pure-bilibili-rethinking/pure-bilibili-rethinking/build/ios-derived-data/Build/Intermediates.noindex/Paladala.build/Release-iphoneos/Paladala.build/Paladala.DependencyMetadataFileList

WriteAuxiliaryFile /Users/runner/work/pure-bilibili-rethinking/pure-bilibili-rethinking/build/ios-derived-data/Build/Intermediates.noindex/Paladala.build/Release-iphoneos/Paladala.build/Paladala-project-headers.hmap (in target 'Paladala' from project 'Paladala')
    cd /Users/runner/work/pure-bilibili-rethinking/pure-bilibili-rethinking/ios/Paladala
    write-file /Users/runner/work/pure-bilibili-rethinking/pure-bilibili-rethinking/build/ios-derived-data/Build/Intermediates.noindex/Paladala.build/Release-iphoneos/Paladala.build/Paladala-project-headers.hmap

WriteAuxiliaryFile /Users/runner/work/pure-bilibili-rethinking/pure-bilibili-rethinking/build/ios-derived-data/Build/Intermediates.noindex/Paladala.build/Release-iphoneos/Paladala.build/Paladala-own-target-headers.hmap (in target 'Paladala' from project 'Paladala')
    cd /Users/runner/work/pure-bilibili-rethinking/pure-bilibili-rethinking/ios/Paladala
    write-file /Users/runner/work/pure-bilibili-rethinking/pure-bilibili-rethinking/build/ios-derived-data/Build/Intermediates.noindex/Paladala.build/Release-iphoneos/Paladala.build/Paladala-own-target-headers.hmap

WriteAuxiliaryFile /Users/runner/work/pure-bilibili-rethinking/pure-bilibili-rethinking/build/ios-derived-data/Build/Intermediates.noindex/Paladala.build/Release-iphoneos/Paladala.build/Paladala-generated-files.hmap (in target 'Paladala' from project 'Paladala')
    cd /Users/runner/work/pure-bilibili-rethinking/pure-bilibili-rethinking/ios/Paladala
    write-file /Users/runner/work/pure-bilibili-rethinking/pure-bilibili-rethinking/build/ios-derived-data/Build/Intermediates.noindex/Paladala.build/Release-iphoneos/Paladala.build/Paladala-generated-files.hmap

WriteAuxiliaryFile /Users/runner/work/pure-bilibili-rethinking/pure-bilibili-rethinking/build/ios-derived-data/Build/Intermediates.noindex/Paladala.build/Release-iphoneos/Paladala.build/Paladala-all-target-headers.hmap (in target 'Paladala' from project 'Paladala')
    cd /Users/runner/work/pure-bilibili-rethinking/pure-bilibili-rethinking/ios/Paladala
    write-file /Users/runner/work/pure-bilibili-rethinking/pure-bilibili-rethinking/build/ios-derived-data/Build/Intermediates.noindex/Paladala.build/Release-iphoneos/Paladala.build/Paladala-all-target-headers.hmap

WriteAuxiliaryFile /Users/runner/work/pure-bilibili-rethinking/pure-bilibili-rethinking/build/ios-derived-data/Build/Intermediates.noindex/Paladala.build/Release-iphoneos/Paladala.build/Paladala-all-non-framework-target-headers.hmap (in target 'Paladala' from project 'Paladala')
    cd /Users/runner/work/pure-bilibili-rethinking/pure-bilibili-rethinking/ios/Paladala
    write-file /Users/runner/work/pure-bilibili-rethinking/pure-bilibili-rethinking/build/ios-derived-data/Build/Intermediates.noindex/Paladala.build/Release-iphoneos/Paladala.build/Paladala-all-non-framework-target-headers.hmap

WriteAuxiliaryFile /Users/runner/work/pure-bilibili-rethinking/pure-bilibili-rethinking/build/ios-derived-data/Build/Intermediates.noindex/Paladala.build/Release-iphoneos/Paladala.build/Objects-normal/arm64/Paladala_const_extract_protocols.json (in target 'Paladala' from project 'Paladala')
    cd /Users/runner/work/pure-bilibili-rethinking/pure-bilibili-rethinking/ios/Paladala
    write-file /Users/runner/work/pure-bilibili-rethinking/pure-bilibili-rethinking/build/ios-derived-data/Build/Intermediates.noindex/Paladala.build/Release-iphoneos/Paladala.build/Objects-normal/arm64/Paladala_const_extract_protocols.json

WriteAuxiliaryFile /Users/runner/work/pure-bilibili-rethinking/pure-bilibili-rethinking/build/ios-derived-data/Build/Intermediates.noindex/Paladala.build/Release-iphoneos/Paladala.build/Objects-normal/arm64/Paladala.SwiftFileList (in target 'Paladala' from project 'Paladala')
    cd /Users/runner/work/pure-bilibili-rethinking/pure-bilibili-rethinking/ios/Paladala
    write-file /Users/runner/work/pure-bilibili-rethinking/pure-bilibili-rethinking/build/ios-derived-data/Build/Intermediates.noindex/Paladala.build/Release-iphoneos/Paladala.build/Objects-normal/arm64/Paladala.SwiftFileList

WriteAuxiliaryFile /Users/runner/work/pure-bilibili-rethinking/pure-bilibili-rethinking/build/ios-derived-data/Build/Intermediates.noindex/Paladala.build/Release-iphoneos/Paladala.build/Objects-normal/arm64/Paladala.SwiftConstValuesFileList (in target 'Paladala' from project 'Paladala')
    cd /Users/runner/work/pure-bilibili-rethinking/pure-bilibili-rethinking/ios/Paladala
    write-file /Users/runner/work/pure-bilibili-rethinking/pure-bilibili-rethinking/build/ios-derived-data/Build/Intermediates.noindex/Paladala.build/Release-iphoneos/Paladala.build/Objects-normal/arm64/Paladala.SwiftConstValuesFileList

WriteAuxiliaryFile /Users/runner/work/pure-bilibili-rethinking/pure-bilibili-rethinking/build/ios-derived-data/Build/Intermediates.noindex/Paladala.build/Release-iphoneos/Paladala.build/Objects-normal/arm64/Paladala.LinkFileList (in target 'Paladala' from project 'Paladala')
    cd /Users/runner/work/pure-bilibili-rethinking/pure-bilibili-rethinking/ios/Paladala
    write-file /Users/runner/work/pure-bilibili-rethinking/pure-bilibili-rethinking/build/ios-derived-data/Build/Intermediates.noindex/Paladala.build/Release-iphoneos/Paladala.build/Objects-normal/arm64/Paladala.LinkFileList

WriteAuxiliaryFile /Users/runner/work/pure-bilibili-rethinking/pure-bilibili-rethinking/build/ios-derived-data/Build/Intermediates.noindex/Paladala.build/Release-iphoneos/Paladala.build/Objects-normal/arm64/Paladala-OutputFileMap.json (in target 'Paladala' from project 'Paladala')
    cd /Users/runner/work/pure-bilibili-rethinking/pure-bilibili-rethinking/ios/Paladala
    write-file /Users/runner/work/pure-bilibili-rethinking/pure-bilibili-rethinking/build/ios-derived-data/Build/Intermediates.noindex/Paladala.build/Release-iphoneos/Paladala.build/Objects-normal/arm64/Paladala-OutputFileMap.json

MkDir /Users/runner/work/pure-bilibili-rethinking/pure-bilibili-rethinking/build/ios-derived-data/Build/Products/Release-iphoneos/PaladalaWidget.appex (in target 'PaladalaWidget' from project 'Paladala')
    cd /Users/runner/work/pure-bilibili-rethinking/pure-bilibili-rethinking/ios/Paladala
    /bin/mkdir -p /Users/runner/work/pure-bilibili-rethinking/pure-bilibili-rethinking/build/ios-derived-data/Build/Products/Release-iphoneos/PaladalaWidget.appex

MkDir /Users/runner/work/pure-bilibili-rethinking/pure-bilibili-rethinking/build/ios-derived-data/Build/Products/Release-iphoneos/Paladala.app/PlugIns (in target 'Paladala' from project 'Paladala')
    cd /Users/runner/work/pure-bilibili-rethinking/pure-bilibili-rethinking/ios/Paladala
    /bin/mkdir -p /Users/runner/work/pure-bilibili-rethinking/pure-bilibili-rethinking/build/ios-derived-data/Build/Products/Release-iphoneos/Paladala.app/PlugIns

MkDir /Users/runner/work/pure-bilibili-rethinking/pure-bilibili-rethinking/build/ios-derived-data/Build/Products/Release-iphoneos/Paladala.app (in target 'Paladala' from project 'Paladala')
    cd /Users/runner/work/pure-bilibili-rethinking/pure-bilibili-rethinking/ios/Paladala
    /bin/mkdir -p /Users/runner/work/pure-bilibili-rethinking/pure-bilibili-rethinking/build/ios-derived-data/Build/Products/Release-iphoneos/Paladala.app

ProcessInfoPlistFile /Users/runner/work/pure-bilibili-rethinking/pure-bilibili-rethinking/build/ios-derived-data/Build/Products/Release-iphoneos/PaladalaWidget.appex/Info.plist /Users/runner/work/pure-bilibili-rethinking/pure-bilibili-rethinking/ios/Paladala/PaladalaWidget/Info.plist (in target 'PaladalaWidget' from project 'Paladala')
    cd /Users/runner/work/pure-bilibili-rethinking/pure-bilibili-rethinking/ios/Paladala
    builtin-infoPlistUtility /Users/runner/work/pure-bilibili-rethinking/pure-bilibili-rethinking/ios/Paladala/PaladalaWidget/Info.plist -producttype com.apple.product-type.app-extension -expandbuildsettings -format binary -platform iphoneos -requiredArchitecture arm64 -o /Users/runner/work/pure-bilibili-rethinking/pure-bilibili-rethinking/build/ios-derived-data/Build/Products/Release-iphoneos/PaladalaWidget.appex/Info.plist

CpResource /Users/runner/work/pure-bilibili-rethinking/pure-bilibili-rethinking/build/ios-derived-data/Build/Products/Release-iphoneos/PaladalaWidget.appex/PrivacyInfo.xcprivacy /Users/runner/work/pure-bilibili-rethinking/pure-bilibili-rethinking/ios/Paladala/PaladalaWidget/PrivacyInfo.xcprivacy (in target 'PaladalaWidget' from project 'Paladala')
    cd /Users/runner/work/pure-bilibili-rethinking/pure-bilibili-rethinking/ios/Paladala
    builtin-copy -exclude .DS_Store -exclude CVS -exclude .svn -exclude .git -exclude .hg -resolve-src-symlinks /Users/runner/work/pure-bilibili-rethinking/pure-bilibili-rethinking/ios/Paladala/PaladalaWidget/PrivacyInfo.xcprivacy /Users/runner/work/pure-bilibili-rethinking/pure-bilibili-rethinking/build/ios-derived-data/Build/Products/Release-iphoneos/PaladalaWidget.appex

SwiftDriver PaladalaWidget normal arm64 com.apple.xcode.tools.swift.compiler (in target 'PaladalaWidget' from project 'Paladala')
    cd /Users/runner/work/pure-bilibili-rethinking/pure-bilibili-rethinking/ios/Paladala
    builtin-SwiftDriver -- /Applications/Xcode_16.4.app/Contents/Developer/Toolchains/XcodeDefault.xctoolchain/usr/bin/swiftc -module-name PaladalaWidget -O -whole-module-optimization -enforce-exclusivity\=checked @/Users/runner/work/pure-bilibili-rethinking/pure-bilibili-rethinking/build/ios-derived-data/Build/Intermediates.noindex/Paladala.build/Release-iphoneos/PaladalaWidget.build/Objects-normal/arm64/PaladalaWidget.SwiftFileList -enable-experimental-feature DebugDescriptionMacro -sdk /Applications/Xcode_16.4.app/Contents/Developer/Platforms/iPhoneOS.platform/Developer/SDKs/iPhoneOS18.5.sdk -target arm64-apple-ios18.0 -g -module-cache-path /Users/runner/work/pure-bilibili-rethinking/pure-bilibili-rethinking/build/ios-derived-data/ModuleCache.noindex -Xfrontend -serialize-debugging-options -application-extension -swift-version 6 -I /Users/runner/work/pure-bilibili-rethinking/pure-bilibili-rethinking/build/ios-derived-data/Build/Products/Release-iphoneos -F /Users/runner/work/pure-bilibili-rethinking/pure-bilibili-rethinking/build/ios-derived-data/Build/Products/Release-iphoneos -emit-localized-strings -emit-localized-strings-path /Users/runner/work/pure-bilibili-rethinking/pure-bilibili-rethinking/build/ios-derived-data/Build/Intermediates.noindex/Paladala.build/Release-iphoneos/PaladalaWidget.build/Objects-normal/arm64 -c -num-threads 3 -Xcc -ivfsstatcache -Xcc /Users/runner/work/pure-bilibili-rethinking/pure-bilibili-rethinking/build/ios-derived-data/SDKStatCaches.noindex/iphoneos18.5-22F76-a529daf784b3616c7c04a36aeb7f5c05.sdkstatcache -output-file-map /Users/runner/work/pure-bilibili-rethinking/pure-bilibili-rethinking/build/ios-derived-data/Build/Intermediates.noindex/Paladala.build/Release-iphoneos/PaladalaWidget.build/Objects-normal/arm64/PaladalaWidget-OutputFileMap.json -use-frontend-parseable-output -save-temps -no-color-diagnostics -serialize-diagnostics -emit-dependencies -emit-module -emit-module-path /Users/runner/work/pure-bilibili-rethinking/pure-bilibili-rethinking/build/ios-derived-data/Build/Intermediates.noindex/Paladala.build/Release-iphoneos/PaladalaWidget.build/Objects-normal/arm64/PaladalaWidget.swiftmodule -validate-clang-modules-once -clang-build-session-file /Users/runner/work/pure-bilibili-rethinking/pure-bilibili-rethinking/build/ios-derived-data/ModuleCache.noindex/Session.modulevalidation -Xcc -I/Users/runner/work/pure-bilibili-rethinking/pure-bilibili-rethinking/build/ios-derived-data/Build/Intermediates.noindex/Paladala.build/Release-iphoneos/PaladalaWidget.build/swift-overrides.hmap -emit-const-values -Xfrontend -const-gather-protocols-file -Xfrontend /Users/runner/work/pure-bilibili-rethinking/pure-bilibili-rethinking/build/ios-derived-data/Build/Intermediates.noindex/Paladala.build/Release-iphoneos/PaladalaWidget.build/Objects-normal/arm64/PaladalaWidget_const_extract_protocols.json -Xcc -iquote -Xcc /Users/runner/work/pure-bilibili-rethinking/pure-bilibili-rethinking/build/ios-derived-data/Build/Intermediates.noindex/Paladala.build/Release-iphoneos/PaladalaWidget.build/PaladalaWidget-generated-files.hmap -Xcc -I/Users/runner/work/pure-bilibili-rethinking/pure-bilibili-rethinking/build/ios-derived-data/Build/Intermediates.noindex/Paladala.build/Release-iphoneos/PaladalaWidget.build/PaladalaWidget-own-target-headers.hmap -Xcc -I/Users/runner/work/pure-bilibili-rethinking/pure-bilibili-rethinking/build/ios-derived-data/Build/Intermediates.noindex/Paladala.build/Release-iphoneos/PaladalaWidget.build/PaladalaWidget-all-target-headers.hmap -Xcc -iquote -Xcc /Users/runner/work/pure-bilibili-rethinking/pure-bilibili-rethinking/build/ios-derived-data/Build/Intermediates.noindex/Paladala.build/Release-iphoneos/PaladalaWidget.build/PaladalaWidget-project-headers.hmap -Xcc -I/Users/runner/work/pure-bilibili-rethinking/pure-bilibili-rethinking/build/ios-derived-data/Build/Products/Release-iphoneos/include -Xcc -I/Users/runner/work/_temp/ffmpeg-build/arm64/include -Xcc -I/Users/runner/work/pure-bilibili-rethinking/pure-bilibili-rethinking/build/ios-derived-data/Build/Intermediates.noindex/Paladala.build/Release-iphoneos/PaladalaWidget.build/DerivedSources-normal/arm64 -Xcc -I/Users/runner/work/pure-bilibili-rethinking/pure-bilibili-rethinking/build/ios-derived-data/Build/Intermediates.noindex/Paladala.build/Release-iphoneos/PaladalaWidget.build/DerivedSources/arm64 -Xcc -I/Users/runner/work/pure-bilibili-rethinking/pure-bilibili-rethinking/build/ios-derived-data/Build/Intermediates.noindex/Paladala.build/Release-iphoneos/PaladalaWidget.build/DerivedSources -emit-objc-header -emit-objc-header-path /Users/runner/work/pure-bilibili-rethinking/pure-bilibili-rethinking/build/ios-derived-data/Build/Intermediates.noindex/Paladala.build/Release-iphoneos/PaladalaWidget.build/Objects-normal/arm64/PaladalaWidget-Swift.h -working-directory /Users/runner/work/pure-bilibili-rethinking/pure-bilibili-rethinking/ios/Paladala -no-emit-module-separately-wmo

SwiftCompile normal arm64 Compiling\ PaladalaWidgetBundle.swift,\ LiveActivityWidget.swift,\ LiveRoomActivityAttributes.swift /Users/runner/work/pure-bilibili-rethinking/pure-bilibili-rethinking/ios/Paladala/PaladalaWidget/PaladalaWidgetBundle.swift /Users/runner/work/pure-bilibili-rethinking/pure-bilibili-rethinking/ios/Paladala/PaladalaWidget/LiveActivityWidget.swift /Users/runner/work/pure-bilibili-rethinking/pure-bilibili-rethinking/ios/Paladala/Paladala/Shared/LiveRoomActivityAttributes.swift (in target 'PaladalaWidget' from project 'Paladala')

CompileSwift normal arm64 (in target 'PaladalaWidget' from project 'Paladala')
    cd /Users/runner/work/pure-bilibili-rethinking/pure-bilibili-rethinking/ios/Paladala
    

SwiftDriver\ Compilation PaladalaWidget normal arm64 com.apple.xcode.tools.swift.compiler (in target 'PaladalaWidget' from project 'Paladala')
    cd /Users/runner/work/pure-bilibili-rethinking/pure-bilibili-rethinking/ios/Paladala
    builtin-Swift-Compilation -- /Applications/Xcode_16.4.app/Contents/Developer/Toolchains/XcodeDefault.xctoolchain/usr/bin/swiftc -module-name PaladalaWidget -O -whole-module-optimization -enforce-exclusivity\=checked @/Users/runner/work/pure-bilibili-rethinking/pure-bilibili-rethinking/build/ios-derived-data/Build/Intermediates.noindex/Paladala.build/Release-iphoneos/PaladalaWidget.build/Objects-normal/arm64/PaladalaWidget.SwiftFileList -enable-experimental-feature DebugDescriptionMacro -sdk /Applications/Xcode_16.4.app/Contents/Developer/Platforms/iPhoneOS.platform/Developer/SDKs/iPhoneOS18.5.sdk -target arm64-apple-ios18.0 -g -module-cache-path /Users/runner/work/pure-bilibili-rethinking/pure-bilibili-rethinking/build/ios-derived-data/ModuleCache.noindex -Xfrontend -serialize-debugging-options -application-extension -swift-version 6 -I /Users/runner/work/pure-bilibili-rethinking/pure-bilibili-rethinking/build/ios-derived-data/Build/Products/Release-iphoneos -F /Users/runner/work/pure-bilibili-rethinking/pure-bilibili-rethinking/build/ios-derived-data/Build/Products/Release-iphoneos -emit-localized-strings -emit-localized-strings-path /Users/runner/work/pure-bilibili-rethinking/pure-bilibili-rethinking/build/ios-derived-data/Build/Intermediates.noindex/Paladala.build/Release-iphoneos/PaladalaWidget.build/Objects-normal/arm64 -c -num-threads 3 -Xcc -ivfsstatcache -Xcc /Users/runner/work/pure-bilibili-rethinking/pure-bilibili-rethinking/build/ios-derived-data/SDKStatCaches.noindex/iphoneos18.5-22F76-a529daf784b3616c7c04a36aeb7f5c05.sdkstatcache -output-file-map /Users/runner/work/pure-bilibili-rethinking/pure-bilibili-rethinking/build/ios-derived-data/Build/Intermediates.noindex/Paladala.build/Release-iphoneos/PaladalaWidget.build/Objects-normal/arm64/PaladalaWidget-OutputFileMap.json -use-frontend-parseable-output -save-temps -no-color-diagnostics -serialize-diagnostics -emit-dependencies -emit-module -emit-module-path /Users/runner/work/pure-bilibili-rethinking/pure-bilibili-rethinking/build/ios-derived-data/Build/Intermediates.noindex/Paladala.build/Release-iphoneos/PaladalaWidget.build/Objects-normal/arm64/PaladalaWidget.swiftmodule -validate-clang-modules-once -clang-build-session-file /Users/runner/work/pure-bilibili-rethinking/pure-bilibili-rethinking/build/ios-derived-data/ModuleCache.noindex/Session.modulevalidation -Xcc -I/Users/runner/work/pure-bilibili-rethinking/pure-bilibili-rethinking/build/ios-derived-data/Build/Intermediates.noindex/Paladala.build/Release-iphoneos/PaladalaWidget.build/swift-overrides.hmap -emit-const-values -Xfrontend -const-gather-protocols-file -Xfrontend /Users/runner/work/pure-bilibili-rethinking/pure-bilibili-rethinking/build/ios-derived-data/Build/Intermediates.noindex/Paladala.build/Release-iphoneos/PaladalaWidget.build/Objects-normal/arm64/PaladalaWidget_const_extract_protocols.json -Xcc -iquote -Xcc /Users/runner/work/pure-bilibili-rethinking/pure-bilibili-rethinking/build/ios-derived-data/Build/Intermediates.noindex/Paladala.build/Release-iphoneos/PaladalaWidget.build/PaladalaWidget-generated-files.hmap -Xcc -I/Users/runner/work/pure-bilibili-rethinking/pure-bilibili-rethinking/build/ios-derived-data/Build/Intermediates.noindex/Paladala.build/Release-iphoneos/PaladalaWidget.build/PaladalaWidget-own-target-headers.hmap -Xcc -I/Users/runner/work/pure-bilibili-rethinking/pure-bilibili-rethinking/build/ios-derived-data/Build/Intermediates.noindex/Paladala.build/Release-iphoneos/PaladalaWidget.build/PaladalaWidget-all-target-headers.hmap -Xcc -iquote -Xcc /Users/runner/work/pure-bilibili-rethinking/pure-bilibili-rethinking/build/ios-derived-data/Build/Intermediates.noindex/Paladala.build/Release-iphoneos/PaladalaWidget.build/PaladalaWidget-project-headers.hmap -Xcc -I/Users/runner/work/pure-bilibili-rethinking/pure-bilibili-rethinking/build/ios-derived-data/Build/Products/Release-iphoneos/include -Xcc -I/Users/runner/work/_temp/ffmpeg-build/arm64/include -Xcc -I/Users/runner/work/pure-bilibili-rethinking/pure-bilibili-rethinking/build/ios-derived-data/Build/Intermediates.noindex/Paladala.build/Release-iphoneos/PaladalaWidget.build/DerivedSources-normal/arm64 -Xcc -I/Users/runner/work/pure-bilibili-rethinking/pure-bilibili-rethinking/build/ios-derived-data/Build/Intermediates.noindex/Paladala.build/Release-iphoneos/PaladalaWidget.build/DerivedSources/arm64 -Xcc -I/Users/runner/work/pure-bilibili-rethinking/pure-bilibili-rethinking/build/ios-derived-data/Build/Intermediates.noindex/Paladala.build/Release-iphoneos/PaladalaWidget.build/DerivedSources -emit-objc-header -emit-objc-header-path /Users/runner/work/pure-bilibili-rethinking/pure-bilibili-rethinking/build/ios-derived-data/Build/Intermediates.noindex/Paladala.build/Release-iphoneos/PaladalaWidget.build/Objects-normal/arm64/PaladalaWidget-Swift.h -working-directory /Users/runner/work/pure-bilibili-rethinking/pure-bilibili-rethinking/ios/Paladala -no-emit-module-separately-wmo

SwiftDriverJobDiscovery normal arm64 Compiling PaladalaWidgetBundle.swift, LiveActivityWidget.swift, LiveRoomActivityAttributes.swift (in target 'PaladalaWidget' from project 'Paladala')

SwiftDriver\ Compilation\ Requirements PaladalaWidget normal arm64 com.apple.xcode.tools.swift.compiler (in target 'PaladalaWidget' from project 'Paladala')
    cd /Users/runner/work/pure-bilibili-rethinking/pure-bilibili-rethinking/ios/Paladala
    builtin-Swift-Compilation-Requirements -- /Applications/Xcode_16.4.app/Contents/Developer/Toolchains/XcodeDefault.xctoolchain/usr/bin/swiftc -module-name PaladalaWidget -O -whole-module-optimization -enforce-exclusivity\=checked @/Users/runner/work/pure-bilibili-rethinking/pure-bilibili-rethinking/build/ios-derived-data/Build/Intermediates.noindex/Paladala.build/Release-iphoneos/PaladalaWidget.build/Objects-normal/arm64/PaladalaWidget.SwiftFileList -enable-experimental-feature DebugDescriptionMacro -sdk /Applications/Xcode_16.4.app/Contents/Developer/Platforms/iPhoneOS.platform/Developer/SDKs/iPhoneOS18.5.sdk -target arm64-apple-ios18.0 -g -module-cache-path /Users/runner/work/pure-bilibili-rethinking/pure-bilibili-rethinking/build/ios-derived-data/ModuleCache.noindex -Xfrontend -serialize-debugging-options -application-extension -swift-version 6 -I /Users/runner/work/pure-bilibili-rethinking/pure-bilibili-rethinking/build/ios-derived-data/Build/Products/Release-iphoneos -F /Users/runner/work/pure-bilibili-rethinking/pure-bilibili-rethinking/build/ios-derived-data/Build/Products/Release-iphoneos -emit-localized-strings -emit-localized-strings-path /Users/runner/work/pure-bilibili-rethinking/pure-bilibili-rethinking/build/ios-derived-data/Build/Intermediates.noindex/Paladala.build/Release-iphoneos/PaladalaWidget.build/Objects-normal/arm64 -c -num-threads 3 -Xcc -ivfsstatcache -Xcc /Users/runner/work/pure-bilibili-rethinking/pure-bilibili-rethinking/build/ios-derived-data/SDKStatCaches.noindex/iphoneos18.5-22F76-a529daf784b3616c7c04a36aeb7f5c05.sdkstatcache -output-file-map /Users/runner/work/pure-bilibili-rethinking/pure-bilibili-rethinking/build/ios-derived-data/Build/Intermediates.noindex/Paladala.build/Release-iphoneos/PaladalaWidget.build/Objects-normal/arm64/PaladalaWidget-OutputFileMap.json -use-frontend-parseable-output -save-temps -no-color-diagnostics -serialize-diagnostics -emit-dependencies -emit-module -emit-module-path /Users/runner/work/pure-bilibili-rethinking/pure-bilibili-rethinking/build/ios-derived-data/Build/Intermediates.noindex/Paladala.build/Release-iphoneos/PaladalaWidget.build/Objects-normal/arm64/PaladalaWidget.swiftmodule -validate-clang-modules-once -clang-build-session-file /Users/runner/work/pure-bilibili-rethinking/pure-bilibili-rethinking/build/ios-derived-data/ModuleCache.noindex/Session.modulevalidation -Xcc -I/Users/runner/work/pure-bilibili-rethinking/pure-bilibili-rethinking/build/ios-derived-data/Build/Intermediates.noindex/Paladala.build/Release-iphoneos/PaladalaWidget.build/swift-overrides.hmap -emit-const-values -Xfrontend -const-gather-protocols-file -Xfrontend /Users/runner/work/pure-bilibili-rethinking/pure-bilibili-rethinking/build/ios-derived-data/Build/Intermediates.noindex/Paladala.build/Release-iphoneos/PaladalaWidget.build/Objects-normal/arm64/PaladalaWidget_const_extract_protocols.json -Xcc -iquote -Xcc /Users/runner/work/pure-bilibili-rethinking/pure-bilibili-rethinking/build/ios-derived-data/Build/Intermediates.noindex/Paladala.build/Release-iphoneos/PaladalaWidget.build/PaladalaWidget-generated-files.hmap -Xcc -I/Users/runner/work/pure-bilibili-rethinking/pure-bilibili-rethinking/build/ios-derived-data/Build/Intermediates.noindex/Paladala.build/Release-iphoneos/PaladalaWidget.build/PaladalaWidget-own-target-headers.hmap -Xcc -I/Users/runner/work/pure-bilibili-rethinking/pure-bilibili-rethinking/build/ios-derived-data/Build/Intermediates.noindex/Paladala.build/Release-iphoneos/PaladalaWidget.build/PaladalaWidget-all-target-headers.hmap -Xcc -iquote -Xcc /Users/runner/work/pure-bilibili-rethinking/pure-bilibili-rethinking/build/ios-derived-data/Build/Intermediates.noindex/Paladala.build/Release-iphoneos/PaladalaWidget.build/PaladalaWidget-project-headers.hmap -Xcc -I/Users/runner/work/pure-bilibili-rethinking/pure-bilibili-rethinking/build/ios-derived-data/Build/Products/Release-iphoneos/include -Xcc -I/Users/runner/work/_temp/ffmpeg-build/arm64/include -Xcc -I/Users/runner/work/pure-bilibili-rethinking/pure-bilibili-rethinking/build/ios-derived-data/Build/Intermediates.noindex/Paladala.build/Release-iphoneos/PaladalaWidget.build/DerivedSources-normal/arm64 -Xcc -I/Users/runner/work/pure-bilibili-rethinking/pure-bilibili-rethinking/build/ios-derived-data/Build/Intermediates.noindex/Paladala.build/Release-iphoneos/PaladalaWidget.build/DerivedSources/arm64 -Xcc -I/Users/runner/work/pure-bilibili-rethinking/pure-bilibili-rethinking/build/ios-derived-data/Build/Intermediates.noindex/Paladala.build/Release-iphoneos/PaladalaWidget.build/DerivedSources -emit-objc-header -emit-objc-header-path /Users/runner/work/pure-bilibili-rethinking/pure-bilibili-rethinking/build/ios-derived-data/Build/Intermediates.noindex/Paladala.build/Release-iphoneos/PaladalaWidget.build/Objects-normal/arm64/PaladalaWidget-Swift.h -working-directory /Users/runner/work/pure-bilibili-rethinking/pure-bilibili-rethinking/ios/Paladala -no-emit-module-separately-wmo

SwiftMergeGeneratedHeaders /Users/runner/work/pure-bilibili-rethinking/pure-bilibili-rethinking/build/ios-derived-data/Build/Intermediates.noindex/Paladala.build/Release-iphoneos/PaladalaWidget.build/DerivedSources/PaladalaWidget-Swift.h /Users/runner/work/pure-bilibili-rethinking/pure-bilibili-rethinking/build/ios-derived-data/Build/Intermediates.noindex/Paladala.build/Release-iphoneos/PaladalaWidget.build/Objects-normal/arm64/PaladalaWidget-Swift.h (in target 'PaladalaWidget' from project 'Paladala')
    cd /Users/runner/work/pure-bilibili-rethinking/pure-bilibili-rethinking/ios/Paladala
    builtin-swiftHeaderTool -arch arm64 /Users/runner/work/pure-bilibili-rethinking/pure-bilibili-rethinking/build/ios-derived-data/Build/Intermediates.noindex/Paladala.build/Release-iphoneos/PaladalaWidget.build/Objects-normal/arm64/PaladalaWidget-Swift.h -o /Users/runner/work/pure-bilibili-rethinking/pure-bilibili-rethinking/build/ios-derived-data/Build/Intermediates.noindex/Paladala.build/Release-iphoneos/PaladalaWidget.build/DerivedSources/PaladalaWidget-Swift.h

Copy /Users/runner/work/pure-bilibili-rethinking/pure-bilibili-rethinking/build/ios-derived-data/Build/Products/Release-iphoneos/PaladalaWidget.swiftmodule/arm64-apple-ios.swiftmodule /Users/runner/work/pure-bilibili-rethinking/pure-bilibili-rethinking/build/ios-derived-data/Build/Intermediates.noindex/Paladala.build/Release-iphoneos/PaladalaWidget.build/Objects-normal/arm64/PaladalaWidget.swiftmodule (in target 'PaladalaWidget' from project 'Paladala')
    cd /Users/runner/work/pure-bilibili-rethinking/pure-bilibili-rethinking/ios/Paladala
    builtin-copy -exclude .DS_Store -exclude CVS -exclude .svn -exclude .git -exclude .hg -resolve-src-symlinks -rename /Users/runner/work/pure-bilibili-rethinking/pure-bilibili-rethinking/build/ios-derived-data/Build/Intermediates.noindex/Paladala.build/Release-iphoneos/PaladalaWidget.build/Objects-normal/arm64/PaladalaWidget.swiftmodule /Users/runner/work/pure-bilibili-rethinking/pure-bilibili-rethinking/build/ios-derived-data/Build/Products/Release-iphoneos/PaladalaWidget.swiftmodule/arm64-apple-ios.swiftmodule

Copy /Users/runner/work/pure-bilibili-rethinking/pure-bilibili-rethinking/build/ios-derived-data/Build/Products/Release-iphoneos/PaladalaWidget.swiftmodule/arm64-apple-ios.swiftdoc /Users/runner/work/pure-bilibili-rethinking/pure-bilibili-rethinking/build/ios-derived-data/Build/Intermediates.noindex/Paladala.build/Release-iphoneos/PaladalaWidget.build/Objects-normal/arm64/PaladalaWidget.swiftdoc (in target 'PaladalaWidget' from project 'Paladala')
    cd /Users/runner/work/pure-bilibili-rethinking/pure-bilibili-rethinking/ios/Paladala
    builtin-copy -exclude .DS_Store -exclude CVS -exclude .svn -exclude .git -exclude .hg -resolve-src-symlinks -rename /Users/runner/work/pure-bilibili-rethinking/pure-bilibili-rethinking/build/ios-derived-data/Build/Intermediates.noindex/Paladala.build/Release-iphoneos/PaladalaWidget.build/Objects-normal/arm64/PaladalaWidget.swiftdoc /Users/runner/work/pure-bilibili-rethinking/pure-bilibili-rethinking/build/ios-derived-data/Build/Products/Release-iphoneos/PaladalaWidget.swiftmodule/arm64-apple-ios.swiftdoc

Copy /Users/runner/work/pure-bilibili-rethinking/pure-bilibili-rethinking/build/ios-derived-data/Build/Products/Release-iphoneos/PaladalaWidget.swiftmodule/arm64-apple-ios.abi.json /Users/runner/work/pure-bilibili-rethinking/pure-bilibili-rethinking/build/ios-derived-data/Build/Intermediates.noindex/Paladala.build/Release-iphoneos/PaladalaWidget.build/Objects-normal/arm64/PaladalaWidget.abi.json (in target 'PaladalaWidget' from project 'Paladala')
    cd /Users/runner/work/pure-bilibili-rethinking/pure-bilibili-rethinking/ios/Paladala
    builtin-copy -exclude .DS_Store -exclude CVS -exclude .svn -exclude .git -exclude .hg -resolve-src-symlinks -rename /Users/runner/work/pure-bilibili-rethinking/pure-bilibili-rethinking/build/ios-derived-data/Build/Intermediates.noindex/Paladala.build/Release-iphoneos/PaladalaWidget.build/Objects-normal/arm64/PaladalaWidget.abi.json /Users/runner/work/pure-bilibili-rethinking/pure-bilibili-rethinking/build/ios-derived-data/Build/Products/Release-iphoneos/PaladalaWidget.swiftmodule/arm64-apple-ios.abi.json

Copy /Users/runner/work/pure-bilibili-rethinking/pure-bilibili-rethinking/build/ios-derived-data/Build/Products/Release-iphoneos/PaladalaWidget.swiftmodule/Project/arm64-apple-ios.swiftsourceinfo /Users/runner/work/pure-bilibili-rethinking/pure-bilibili-rethinking/build/ios-derived-data/Build/Intermediates.noindex/Paladala.build/Release-iphoneos/PaladalaWidget.build/Objects-normal/arm64/PaladalaWidget.swiftsourceinfo (in target 'PaladalaWidget' from project 'Paladala')
    cd /Users/runner/work/pure-bilibili-rethinking/pure-bilibili-rethinking/ios/Paladala
    builtin-copy -exclude .DS_Store -exclude CVS -exclude .svn -exclude .git -exclude .hg -resolve-src-symlinks -rename /Users/runner/work/pure-bilibili-rethinking/pure-bilibili-rethinking/build/ios-derived-data/Build/Intermediates.noindex/Paladala.build/Release-iphoneos/PaladalaWidget.build/Objects-normal/arm64/PaladalaWidget.swiftsourceinfo /Users/runner/work/pure-bilibili-rethinking/pure-bilibili-rethinking/build/ios-derived-data/Build/Products/Release-iphoneos/PaladalaWidget.swiftmodule/Project/arm64-apple-ios.swiftsourceinfo

Ld /Users/runner/work/pure-bilibili-rethinking/pure-bilibili-rethinking/build/ios-derived-data/Build/Products/Release-iphoneos/PaladalaWidget.appex/PaladalaWidget normal (in target 'PaladalaWidget' from project 'Paladala')
    cd /Users/runner/work/pure-bilibili-rethinking/pure-bilibili-rethinking/ios/Paladala
    /Applications/Xcode_16.4.app/Contents/Developer/Toolchains/XcodeDefault.xctoolchain/usr/bin/clang -Xlinker -reproducible -target arm64-apple-ios18.0 -isysroot /Applications/Xcode_16.4.app/Contents/Developer/Platforms/iPhoneOS.platform/Developer/SDKs/iPhoneOS18.5.sdk -Os -L/Users/runner/work/pure-bilibili-rethinking/pure-bilibili-rethinking/build/ios-derived-data/Build/Intermediates.noindex/EagerLinkingTBDs/Release-iphoneos -L/Users/runner/work/pure-bilibili-rethinking/pure-bilibili-rethinking/build/ios-derived-data/Build/Products/Release-iphoneos -L/Users/runner/work/_temp/ffmpeg-build/arm64/lib -F/Users/runner/work/pure-bilibili-rethinking/pure-bilibili-rethinking/build/ios-derived-data/Build/Intermediates.noindex/EagerLinkingTBDs/Release-iphoneos -F/Users/runner/work/pure-bilibili-rethinking/pure-bilibili-rethinking/build/ios-derived-data/Build/Products/Release-iphoneos -filelist /Users/runner/work/pure-bilibili-rethinking/pure-bilibili-rethinking/build/ios-derived-data/Build/Intermediates.noindex/Paladala.build/Release-iphoneos/PaladalaWidget.build/Objects-normal/arm64/PaladalaWidget.LinkFileList -Xlinker -rpath -Xlinker @executable_path/Frameworks -Xlinker -rpath -Xlinker @executable_path/../../Frameworks -dead_strip -Xlinker -object_path_lto -Xlinker /Users/runner/work/pure-bilibili-rethinking/pure-bilibili-rethinking/build/ios-derived-data/Build/Intermediates.noindex/Paladala.build/Release-iphoneos/PaladalaWidget.build/Objects-normal/arm64/PaladalaWidget_lto.o -Xlinker -dependency_info -Xlinker /Users/runner/work/pure-bilibili-rethinking/pure-bilibili-rethinking/build/ios-derived-data/Build/Intermediates.noindex/Paladala.build/Release-iphoneos/PaladalaWidget.build/Objects-normal/arm64/PaladalaWidget_dependency_info.dat -e _NSExtensionMain -fapplication-extension -fobjc-link-runtime -L/Applications/Xcode_16.4.app/Contents/Developer/Toolchains/XcodeDefault.xctoolchain/usr/lib/swift/iphoneos -L/usr/lib/swift -Xlinker -add_ast_path -Xlinker /Users/runner/work/pure-bilibili-rethinking/pure-bilibili-rethinking/build/ios-derived-data/Build/Intermediates.noindex/Paladala.build/Release-iphoneos/PaladalaWidget.build/Objects-normal/arm64/PaladalaWidget.swiftmodule -lavformat -lavcodec -lavutil -lswresample -liconv -lz -o /Users/runner/work/pure-bilibili-rethinking/pure-bilibili-rethinking/build/ios-derived-data/Build/Products/Release-iphoneos/PaladalaWidget.appex/PaladalaWidget

MkDir /Users/runner/work/pure-bilibili-rethinking/pure-bilibili-rethinking/build/ios-derived-data/Build/Intermediates.noindex/Paladala.build/Release-iphoneos/Paladala.build/assetcatalog_output/unthinned (in target 'Paladala' from project 'Paladala')
    cd /Users/runner/work/pure-bilibili-rethinking/pure-bilibili-rethinking/ios/Paladala
    /bin/mkdir -p /Users/runner/work/pure-bilibili-rethinking/pure-bilibili-rethinking/build/ios-derived-data/Build/Intermediates.noindex/Paladala.build/Release-iphoneos/Paladala.build/assetcatalog_output/unthinned

MkDir /Users/runner/work/pure-bilibili-rethinking/pure-bilibili-rethinking/build/ios-derived-data/Build/Intermediates.noindex/Paladala.build/Release-iphoneos/Paladala.build/assetcatalog_output/thinned (in target 'Paladala' from project 'Paladala')
    cd /Users/runner/work/pure-bilibili-rethinking/pure-bilibili-rethinking/ios/Paladala
    /bin/mkdir -p /Users/runner/work/pure-bilibili-rethinking/pure-bilibili-rethinking/build/ios-derived-data/Build/Intermediates.noindex/Paladala.build/Release-iphoneos/Paladala.build/assetcatalog_output/thinned

GenerateAssetSymbols /Users/runner/work/pure-bilibili-rethinking/pure-bilibili-rethinking/ios/Paladala/Paladala/Assets.xcassets (in target 'Paladala' from project 'Paladala')
    cd /Users/runner/work/pure-bilibili-rethinking/pure-bilibili-rethinking/ios/Paladala
    /Applications/Xcode_16.4.app/Contents/Developer/usr/bin/actool /Users/runner/work/pure-bilibili-rethinking/pure-bilibili-rethinking/ios/Paladala/Paladala/Assets.xcassets --compile /Users/runner/work/pure-bilibili-rethinking/pure-bilibili-rethinking/build/ios-derived-data/Build/Products/Release-iphoneos/Paladala.app --output-format human-readable-text --notices --warnings --export-dependency-info /Users/runner/work/pure-bilibili-rethinking/pure-bilibili-rethinking/build/ios-derived-data/Build/Intermediates.noindex/Paladala.build/Release-iphoneos/Paladala.build/assetcatalog_dependencies --output-partial-info-plist /Users/runner/work/pure-bilibili-rethinking/pure-bilibili-rethinking/build/ios-derived-data/Build/Intermediates.noindex/Paladala.build/Release-iphoneos/Paladala.build/assetcatalog_generated_info.plist --app-icon AppIcon --compress-pngs --enable-on-demand-resources YES --development-region en --target-device iphone --target-device ipad --minimum-deployment-target 18.0 --platform iphoneos --bundle-identifier com.dt.paladala --generate-swift-asset-symbol-extensions NO --generate-swift-asset-symbols /Users/runner/work/pure-bilibili-rethinking/pure-bilibili-rethinking/build/ios-derived-data/Build/Intermediates.noindex/Paladala.build/Release-iphoneos/Paladala.build/DerivedSources/GeneratedAssetSymbols.swift --generate-objc-asset-symbols /Users/runner/work/pure-bilibili-rethinking/pure-bilibili-rethinking/build/ios-derived-data/Build/Intermediates.noindex/Paladala.build/Release-iphoneos/Paladala.build/DerivedSources/GeneratedAssetSymbols.h --generate-asset-symbol-index /Users/runner/work/pure-bilibili-rethinking/pure-bilibili-rethinking/build/ios-derived-data/Build/Intermediates.noindex/Paladala.build/Release-iphoneos/Paladala.build/DerivedSources/GeneratedAssetSymbols-Index.plist
/* com.apple.actool.compilation-results */
/Users/runner/work/pure-bilibili-rethinking/pure-bilibili-rethinking/build/ios-derived-data/Build/Intermediates.noindex/Paladala.build/Release-iphoneos/Paladala.build/DerivedSources/GeneratedAssetSymbols-Index.plist
/Users/runner/work/pure-bilibili-rethinking/pure-bilibili-rethinking/build/ios-derived-data/Build/Intermediates.noindex/Paladala.build/Release-iphoneos/Paladala.build/DerivedSources/GeneratedAssetSymbols.h
/Users/runner/work/pure-bilibili-rethinking/pure-bilibili-rethinking/build/ios-derived-data/Build/Intermediates.noindex/Paladala.build/Release-iphoneos/Paladala.build/DerivedSources/GeneratedAssetSymbols.swift


CompileAssetCatalogVariant thinned /Users/runner/work/pure-bilibili-rethinking/pure-bilibili-rethinking/build/ios-derived-data/Build/Products/Release-iphoneos/Paladala.app /Users/runner/work/pure-bilibili-rethinking/pure-bilibili-rethinking/ios/Paladala/Paladala/Assets.xcassets (in target 'Paladala' from project 'Paladala')
    cd /Users/runner/work/pure-bilibili-rethinking/pure-bilibili-rethinking/ios/Paladala
    /Applications/Xcode_16.4.app/Contents/Developer/usr/bin/actool /Users/runner/work/pure-bilibili-rethinking/pure-bilibili-rethinking/ios/Paladala/Paladala/Assets.xcassets --compile /Users/runner/work/pure-bilibili-rethinking/pure-bilibili-rethinking/build/ios-derived-data/Build/Intermediates.noindex/Paladala.build/Release-iphoneos/Paladala.build/assetcatalog_output/thinned --output-format human-readable-text --notices --warnings --export-dependency-info /Users/runner/work/pure-bilibili-rethinking/pure-bilibili-rethinking/build/ios-derived-data/Build/Intermediates.noindex/Paladala.build/Release-iphoneos/Paladala.build/assetcatalog_dependencies_thinned --output-partial-info-plist /Users/runner/work/pure-bilibili-rethinking/pure-bilibili-rethinking/build/ios-derived-data/Build/Intermediates.noindex/Paladala.build/Release-iphoneos/Paladala.build/assetcatalog_generated_info.plist_thinned --app-icon AppIcon --compress-pngs --enable-on-demand-resources YES --development-region en --target-device iphone --target-device ipad --minimum-deployment-target 18.0 --platform iphoneos
/* com.apple.actool.compilation-results */
/Users/runner/work/pure-bilibili-rethinking/pure-bilibili-rethinking/build/ios-derived-data/Build/Intermediates.noindex/Paladala.build/Release-iphoneos/Paladala.build/assetcatalog_generated_info.plist_thinned
/Users/runner/work/pure-bilibili-rethinking/pure-bilibili-rethinking/build/ios-derived-data/Build/Intermediates.noindex/Paladala.build/Release-iphoneos/Paladala.build/assetcatalog_output/thinned/AppIcon60x60@2x.png
/Users/runner/work/pure-bilibili-rethinking/pure-bilibili-rethinking/build/ios-derived-data/Build/Intermediates.noindex/Paladala.build/Release-iphoneos/Paladala.build/assetcatalog_output/thinned/AppIcon76x76@2x~ipad.png
/Users/runner/work/pure-bilibili-rethinking/pure-bilibili-rethinking/build/ios-derived-data/Build/Intermediates.noindex/Paladala.build/Release-iphoneos/Paladala.build/assetcatalog_output/thinned/Assets.car


GenerateDSYMFile /Users/runner/work/pure-bilibili-rethinking/pure-bilibili-rethinking/build/ios-derived-data/Build/Products/Release-iphoneos/PaladalaWidget.appex.dSYM /Users/runner/work/pure-bilibili-rethinking/pure-bilibili-rethinking/build/ios-derived-data/Build/Products/Release-iphoneos/PaladalaWidget.appex/PaladalaWidget (in target 'PaladalaWidget' from project 'Paladala')
    cd /Users/runner/work/pure-bilibili-rethinking/pure-bilibili-rethinking/ios/Paladala
    /Applications/Xcode_16.4.app/Contents/Developer/Toolchains/XcodeDefault.xctoolchain/usr/bin/dsymutil /Users/runner/work/pure-bilibili-rethinking/pure-bilibili-rethinking/build/ios-derived-data/Build/Products/Release-iphoneos/PaladalaWidget.appex/PaladalaWidget -o /Users/runner/work/pure-bilibili-rethinking/pure-bilibili-rethinking/build/ios-derived-data/Build/Products/Release-iphoneos/PaladalaWidget.appex.dSYM

ExtractAppIntentsMetadata (in target 'PaladalaWidget' from project 'Paladala')
    cd /Users/runner/work/pure-bilibili-rethinking/pure-bilibili-rethinking/ios/Paladala
    /Applications/Xcode_16.4.app/Contents/Developer/Toolchains/XcodeDefault.xctoolchain/usr/bin/appintentsmetadataprocessor --toolchain-dir /Applications/Xcode_16.4.app/Contents/Developer/Toolchains/XcodeDefault.xctoolchain --module-name PaladalaWidget --sdk-root /Applications/Xcode_16.4.app/Contents/Developer/Platforms/iPhoneOS.platform/Developer/SDKs/iPhoneOS18.5.sdk --xcode-version 16F6 --platform-family iOS --deployment-target 18.0 --bundle-identifier com.dt.paladala.PaladalaWidget --output /Users/runner/work/pure-bilibili-rethinking/pure-bilibili-rethinking/build/ios-derived-data/Build/Products/Release-iphoneos/PaladalaWidget.appex --target-triple arm64-apple-ios18.0 --binary-file /Users/runner/work/pure-bilibili-rethinking/pure-bilibili-rethinking/build/ios-derived-data/Build/Products/Release-iphoneos/PaladalaWidget.appex/PaladalaWidget --dependency-file /Users/runner/work/pure-bilibili-rethinking/pure-bilibili-rethinking/build/ios-derived-data/Build/Intermediates.noindex/Paladala.build/Release-iphoneos/PaladalaWidget.build/Objects-normal/arm64/PaladalaWidget_dependency_info.dat --stringsdata-file /Users/runner/work/pure-bilibili-rethinking/pure-bilibili-rethinking/build/ios-derived-data/Build/Intermediates.noindex/Paladala.build/Release-iphoneos/PaladalaWidget.build/Objects-normal/arm64/ExtractedAppShortcutsMetadata.stringsdata --source-file-list /Users/runner/work/pure-bilibili-rethinking/pure-bilibili-rethinking/build/ios-derived-data/Build/Intermediates.noindex/Paladala.build/Release-iphoneos/PaladalaWidget.build/Objects-normal/arm64/PaladalaWidget.SwiftFileList --metadata-file-list /Users/runner/work/pure-bilibili-rethinking/pure-bilibili-rethinking/build/ios-derived-data/Build/Intermediates.noindex/Paladala.build/Release-iphoneos/PaladalaWidget.build/PaladalaWidget.DependencyMetadataFileList --static-metadata-file-list /Users/runner/work/pure-bilibili-rethinking/pure-bilibili-rethinking/build/ios-derived-data/Build/Intermediates.noindex/Paladala.build/Release-iphoneos/PaladalaWidget.build/PaladalaWidget.DependencyStaticMetadataFileList --swift-const-vals-list /Users/runner/work/pure-bilibili-rethinking/pure-bilibili-rethinking/build/ios-derived-data/Build/Intermediates.noindex/Paladala.build/Release-iphoneos/PaladalaWidget.build/Objects-normal/arm64/PaladalaWidget.SwiftConstValuesFileList --compile-time-extraction --deployment-aware-processing --validate-assistant-intents --no-app-shortcuts-localization
2026-07-30 13:36:09.724 appintentsmetadataprocessor[8116:27546] Starting appintentsmetadataprocessor export
2026-07-30 13:36:09.777 appintentsmetadataprocessor[8116:27546] Extracted no relevant App Intents symbols, skipping writing output

AppIntentsSSUTraining (in target 'PaladalaWidget' from project 'Paladala')
    cd /Users/runner/work/pure-bilibili-rethinking/pure-bilibili-rethinking/ios/Paladala
    /Applications/Xcode_16.4.app/Contents/Developer/Toolchains/XcodeDefault.xctoolchain/usr/bin/appintentsnltrainingprocessor --infoplist-path /Users/runner/work/pure-bilibili-rethinking/pure-bilibili-rethinking/build/ios-derived-data/Build/Products/Release-iphoneos/PaladalaWidget.appex/Info.plist --temp-dir-path /Users/runner/work/pure-bilibili-rethinking/pure-bilibili-rethinking/build/ios-derived-data/Build/Intermediates.noindex/Paladala.build/Release-iphoneos/PaladalaWidget.build/ssu --bundle-id com.dt.paladala.PaladalaWidget --product-path /Users/runner/work/pure-bilibili-rethinking/pure-bilibili-rethinking/build/ios-derived-data/Build/Products/Release-iphoneos/PaladalaWidget.appex --extracted-metadata-path /Users/runner/work/pure-bilibili-rethinking/pure-bilibili-rethinking/build/ios-derived-data/Build/Products/Release-iphoneos/PaladalaWidget.appex/Metadata.appintents --metadata-file-list /Users/runner/work/pure-bilibili-rethinking/pure-bilibili-rethinking/build/ios-derived-data/Build/Intermediates.noindex/Paladala.build/Release-iphoneos/PaladalaWidget.build/PaladalaWidget.DependencyMetadataFileList --archive-ssu-assets
2026-07-30 13:36:09.818 appintentsnltrainingprocessor[8127:27575] Parsing options for appintentsnltrainingprocessor
2026-07-30 13:36:09.819 appintentsnltrainingprocessor[8127:27575] No AppShortcuts found - Skipping.

RegisterExecutionPolicyException /Users/runner/work/pure-bilibili-rethinking/pure-bilibili-rethinking/build/ios-derived-data/Build/Products/Release-iphoneos/PaladalaWidget.appex (in target 'PaladalaWidget' from project 'Paladala')
    cd /Users/runner/work/pure-bilibili-rethinking/pure-bilibili-rethinking/ios/Paladala
    builtin-RegisterExecutionPolicyException /Users/runner/work/pure-bilibili-rethinking/pure-bilibili-rethinking/build/ios-derived-data/Build/Products/Release-iphoneos/PaladalaWidget.appex

Touch /Users/runner/work/pure-bilibili-rethinking/pure-bilibili-rethinking/build/ios-derived-data/Build/Products/Release-iphoneos/PaladalaWidget.appex (in target 'PaladalaWidget' from project 'Paladala')
    cd /Users/runner/work/pure-bilibili-rethinking/pure-bilibili-rethinking/ios/Paladala
    /usr/bin/touch -c /Users/runner/work/pure-bilibili-rethinking/pure-bilibili-rethinking/build/ios-derived-data/Build/Products/Release-iphoneos/PaladalaWidget.appex

CpResource /Users/runner/work/pure-bilibili-rethinking/pure-bilibili-rethinking/build/ios-derived-data/Build/Products/Release-iphoneos/Paladala.app/PrivacyInfo.xcprivacy /Users/runner/work/pure-bilibili-rethinking/pure-bilibili-rethinking/ios/Paladala/Paladala/PrivacyInfo.xcprivacy (in target 'Paladala' from project 'Paladala')
    cd /Users/runner/work/pure-bilibili-rethinking/pure-bilibili-rethinking/ios/Paladala
    builtin-copy -exclude .DS_Store -exclude CVS -exclude .svn -exclude .git -exclude .hg -resolve-src-symlinks /Users/runner/work/pure-bilibili-rethinking/pure-bilibili-rethinking/ios/Paladala/Paladala/PrivacyInfo.xcprivacy /Users/runner/work/pure-bilibili-rethinking/pure-bilibili-rethinking/build/ios-derived-data/Build/Products/Release-iphoneos/Paladala.app

CpResource /Users/runner/work/pure-bilibili-rethinking/pure-bilibili-rethinking/build/ios-derived-data/Build/Products/Release-iphoneos/Paladala.app/Plugins /Users/runner/work/pure-bilibili-rethinking/pure-bilibili-rethinking/ios/Paladala/Paladala/Plugins (in target 'Paladala' from project 'Paladala')
    cd /Users/runner/work/pure-bilibili-rethinking/pure-bilibili-rethinking/ios/Paladala
    builtin-copy -exclude .DS_Store -exclude CVS -exclude .svn -exclude .git -exclude .hg -resolve-src-symlinks /Users/runner/work/pure-bilibili-rethinking/pure-bilibili-rethinking/ios/Paladala/Paladala/Plugins /Users/runner/work/pure-bilibili-rethinking/pure-bilibili-rethinking/build/ios-derived-data/Build/Products/Release-iphoneos/Paladala.app

SwiftDriver Paladala normal arm64 com.apple.xcode.tools.swift.compiler (in target 'Paladala' from project 'Paladala')
    cd /Users/runner/work/pure-bilibili-rethinking/pure-bilibili-rethinking/ios/Paladala
    builtin-SwiftDriver -- /Applications/Xcode_16.4.app/Contents/Developer/Toolchains/XcodeDefault.xctoolchain/usr/bin/swiftc -module-name Paladala -O -whole-module-optimization -enforce-exclusivity\=checked @/Users/runner/work/pure-bilibili-rethinking/pure-bilibili-rethinking/build/ios-derived-data/Build/Intermediates.noindex/Paladala.build/Release-iphoneos/Paladala.build/Objects-normal/arm64/Paladala.SwiftFileList -enable-experimental-feature DebugDescriptionMacro -sdk /Applications/Xcode_16.4.app/Contents/Developer/Platforms/iPhoneOS.platform/Developer/SDKs/iPhoneOS18.5.sdk -target arm64-apple-ios18.0 -g -module-cache-path /Users/runner/work/pure-bilibili-rethinking/pure-bilibili-rethinking/build/ios-derived-data/ModuleCache.noindex -Xfrontend -serialize-debugging-options -swift-version 6 -I /Users/runner/work/pure-bilibili-rethinking/pure-bilibili-rethinking/build/ios-derived-data/Build/Products/Release-iphoneos -F /Users/runner/work/pure-bilibili-rethinking/pure-bilibili-rethinking/build/ios-derived-data/Build/Products/Release-iphoneos -emit-localized-strings -emit-localized-strings-path /Users/runner/work/pure-bilibili-rethinking/pure-bilibili-rethinking/build/ios-derived-data/Build/Intermediates.noindex/Paladala.build/Release-iphoneos/Paladala.build/Objects-normal/arm64 -c -num-threads 3 -Xcc -ivfsstatcache -Xcc /Users/runner/work/pure-bilibili-rethinking/pure-bilibili-rethinking/build/ios-derived-data/SDKStatCaches.noindex/iphoneos18.5-22F76-a529daf784b3616c7c04a36aeb7f5c05.sdkstatcache -output-file-map /Users/runner/work/pure-bilibili-rethinking/pure-bilibili-rethinking/build/ios-derived-data/Build/Intermediates.noindex/Paladala.build/Release-iphoneos/Paladala.build/Objects-normal/arm64/Paladala-OutputFileMap.json -use-frontend-parseable-output -save-temps -no-color-diagnostics -serialize-diagnostics -emit-dependencies -emit-module -emit-module-path /Users/runner/work/pure-bilibili-rethinking/pure-bilibili-rethinking/build/ios-derived-data/Build/Intermediates.noindex/Paladala.build/Release-iphoneos/Paladala.build/Objects-normal/arm64/Paladala.swiftmodule -validate-clang-modules-once -clang-build-session-file /Users/runner/work/pure-bilibili-rethinking/pure-bilibili-rethinking/build/ios-derived-data/ModuleCache.noindex/Session.modulevalidation -Xcc -I/Users/runner/work/pure-bilibili-rethinking/pure-bilibili-rethinking/build/ios-derived-data/Build/Intermediates.noindex/Paladala.build/Release-iphoneos/Paladala.build/swift-overrides.hmap -emit-const-values -Xfrontend -const-gather-protocols-file -Xfrontend /Users/runner/work/pure-bilibili-rethinking/pure-bilibili-rethinking/build/ios-derived-data/Build/Intermediates.noindex/Paladala.build/Release-iphoneos/Paladala.build/Objects-normal/arm64/Paladala_const_extract_protocols.json -Xcc -iquote -Xcc /Users/runner/work/pure-bilibili-rethinking/pure-bilibili-rethinking/build/ios-derived-data/Build/Intermediates.noindex/Paladala.build/Release-iphoneos/Paladala.build/Paladala-generated-files.hmap -Xcc -I/Users/runner/work/pure-bilibili-rethinking/pure-bilibili-rethinking/build/ios-derived-data/Build/Intermediates.noindex/Paladala.build/Release-iphoneos/Paladala.build/Paladala-own-target-headers.hmap -Xcc -I/Users/runner/work/pure-bilibili-rethinking/pure-bilibili-rethinking/build/ios-derived-data/Build/Intermediates.noindex/Paladala.build/Release-iphoneos/Paladala.build/Paladala-all-target-headers.hmap -Xcc -iquote -Xcc /Users/runner/work/pure-bilibili-rethinking/pure-bilibili-rethinking/build/ios-derived-data/Build/Intermediates.noindex/Paladala.build/Release-iphoneos/Paladala.build/Paladala-project-headers.hmap -Xcc -I/Users/runner/work/pure-bilibili-rethinking/pure-bilibili-rethinking/build/ios-derived-data/Build/Products/Release-iphoneos/include -Xcc -I/Users/runner/work/_temp/ffmpeg-build/arm64/include -Xcc -I/Users/runner/work/pure-bilibili-rethinking/pure-bilibili-rethinking/build/ios-derived-data/Build/Intermediates.noindex/Paladala.build/Release-iphoneos/Paladala.build/DerivedSources-normal/arm64 -Xcc -I/Users/runner/work/pure-bilibili-rethinking/pure-bilibili-rethinking/build/ios-derived-data/Build/Intermediates.noindex/Paladala.build/Release-iphoneos/Paladala.build/DerivedSources/arm64 -Xcc -I/Users/runner/work/pure-bilibili-rethinking/pure-bilibili-rethinking/build/ios-derived-data/Build/Intermediates.noindex/Paladala.build/Release-iphoneos/Paladala.build/DerivedSources -emit-objc-header -emit-objc-header-path /Users/runner/work/pure-bilibili-rethinking/pure-bilibili-rethinking/build/ios-derived-data/Build/Intermediates.noindex/Paladala.build/Release-iphoneos/Paladala.build/Objects-normal/arm64/Paladala-Swift.h -import-objc-header /Users/runner/work/pure-bilibili-rethinking/pure-bilibili-rethinking/ios/Paladala/Paladala/Paladala-Bridging-Header.h -pch-output-dir /Users/runner/work/pure-bilibili-rethinking/pure-bilibili-rethinking/build/ios-derived-data/Build/Intermediates.noindex/PrecompiledHeaders -working-directory /Users/runner/work/pure-bilibili-rethinking/pure-bilibili-rethinking/ios/Paladala -no-emit-module-separately-wmo

SwiftGeneratePch normal arm64 Compiling\ bridging\ header (in target 'Paladala' from project 'Paladala')

PrecompileSwiftBridgingHeader normal arm64 (in target 'Paladala' from project 'Paladala')
    cd /Users/runner/work/pure-bilibili-rethinking/pure-bilibili-rethinking/ios/Paladala
    

SwiftDriver\ Compilation Paladala normal arm64 com.apple.xcode.tools.swift.compiler (in target 'Paladala' from project 'Paladala')
    cd /Users/runner/work/pure-bilibili-rethinking/pure-bilibili-rethinking/ios/Paladala
    builtin-Swift-Compilation -- /Applications/Xcode_16.4.app/Contents/Developer/Toolchains/XcodeDefault.xctoolchain/usr/bin/swiftc -module-name Paladala -O -whole-module-optimization -enforce-exclusivity\=checked @/Users/runner/work/pure-bilibili-rethinking/pure-bilibili-rethinking/build/ios-derived-data/Build/Intermediates.noindex/Paladala.build/Release-iphoneos/Paladala.build/Objects-normal/arm64/Paladala.SwiftFileList -enable-experimental-feature DebugDescriptionMacro -sdk /Applications/Xcode_16.4.app/Contents/Developer/Platforms/iPhoneOS.platform/Developer/SDKs/iPhoneOS18.5.sdk -target arm64-apple-ios18.0 -g -module-cache-path /Users/runner/work/pure-bilibili-rethinking/pure-bilibili-rethinking/build/ios-derived-data/ModuleCache.noindex -Xfrontend -serialize-debugging-options -swift-version 6 -I /Users/runner/work/pure-bilibili-rethinking/pure-bilibili-rethinking/build/ios-derived-data/Build/Products/Release-iphoneos -F /Users/runner/work/pure-bilibili-rethinking/pure-bilibili-rethinking/build/ios-derived-data/Build/Products/Release-iphoneos -emit-localized-strings -emit-localized-strings-path /Users/runner/work/pure-bilibili-rethinking/pure-bilibili-rethinking/build/ios-derived-data/Build/Intermediates.noindex/Paladala.build/Release-iphoneos/Paladala.build/Objects-normal/arm64 -c -num-threads 3 -Xcc -ivfsstatcache -Xcc /Users/runner/work/pure-bilibili-rethinking/pure-bilibili-rethinking/build/ios-derived-data/SDKStatCaches.noindex/iphoneos18.5-22F76-a529daf784b3616c7c04a36aeb7f5c05.sdkstatcache -output-file-map /Users/runner/work/pure-bilibili-rethinking/pure-bilibili-rethinking/build/ios-derived-data/Build/Intermediates.noindex/Paladala.build/Release-iphoneos/Paladala.build/Objects-normal/arm64/Paladala-OutputFileMap.json -use-frontend-parseable-output -save-temps -no-color-diagnostics -serialize-diagnostics -emit-dependencies -emit-module -emit-module-path /Users/runner/work/pure-bilibili-rethinking/pure-bilibili-rethinking/build/ios-derived-data/Build/Intermediates.noindex/Paladala.build/Release-iphoneos/Paladala.build/Objects-normal/arm64/Paladala.swiftmodule -validate-clang-modules-once -clang-build-session-file /Users/runner/work/pure-bilibili-rethinking/pure-bilibili-rethinking/build/ios-derived-data/ModuleCache.noindex/Session.modulevalidation -Xcc -I/Users/runner/work/pure-bilibili-rethinking/pure-bilibili-rethinking/build/ios-derived-data/Build/Intermediates.noindex/Paladala.build/Release-iphoneos/Paladala.build/swift-overrides.hmap -emit-const-values -Xfrontend -const-gather-protocols-file -Xfrontend /Users/runner/work/pure-bilibili-rethinking/pure-bilibili-rethinking/build/ios-derived-data/Build/Intermediates.noindex/Paladala.build/Release-iphoneos/Paladala.build/Objects-normal/arm64/Paladala_const_extract_protocols.json -Xcc -iquote -Xcc /Users/runner/work/pure-bilibili-rethinking/pure-bilibili-rethinking/build/ios-derived-data/Build/Intermediates.noindex/Paladala.build/Release-iphoneos/Paladala.build/Paladala-generated-files.hmap -Xcc -I/Users/runner/work/pure-bilibili-rethinking/pure-bilibili-rethinking/build/ios-derived-data/Build/Intermediates.noindex/Paladala.build/Release-iphoneos/Paladala.build/Paladala-own-target-headers.hmap -Xcc -I/Users/runner/work/pure-bilibili-rethinking/pure-bilibili-rethinking/build/ios-derived-data/Build/Intermediates.noindex/Paladala.build/Release-iphoneos/Paladala.build/Paladala-all-target-headers.hmap -Xcc -iquote -Xcc /Users/runner/work/pure-bilibili-rethinking/pure-bilibili-rethinking/build/ios-derived-data/Build/Intermediates.noindex/Paladala.build/Release-iphoneos/Paladala.build/Paladala-project-headers.hmap -Xcc -I/Users/runner/work/pure-bilibili-rethinking/pure-bilibili-rethinking/build/ios-derived-data/Build/Products/Release-iphoneos/include -Xcc -I/Users/runner/work/_temp/ffmpeg-build/arm64/include -Xcc -I/Users/runner/work/pure-bilibili-rethinking/pure-bilibili-rethinking/build/ios-derived-data/Build/Intermediates.noindex/Paladala.build/Release-iphoneos/Paladala.build/DerivedSources-normal/arm64 -Xcc -I/Users/runner/work/pure-bilibili-rethinking/pure-bilibili-rethinking/build/ios-derived-data/Build/Intermediates.noindex/Paladala.build/Release-iphoneos/Paladala.build/DerivedSources/arm64 -Xcc -I/Users/runner/work/pure-bilibili-rethinking/pure-bilibili-rethinking/build/ios-derived-data/Build/Intermediates.noindex/Paladala.build/Release-iphoneos/Paladala.build/DerivedSources -emit-objc-header -emit-objc-header-path /Users/runner/work/pure-bilibili-rethinking/pure-bilibili-rethinking/build/ios-derived-data/Build/Intermediates.noindex/Paladala.build/Release-iphoneos/Paladala.build/Objects-normal/arm64/Paladala-Swift.h -import-objc-header /Users/runner/work/pure-bilibili-rethinking/pure-bilibili-rethinking/ios/Paladala/Paladala/Paladala-Bridging-Header.h -pch-output-dir /Users/runner/work/pure-bilibili-rethinking/pure-bilibili-rethinking/build/ios-derived-data/Build/Intermediates.noindex/PrecompiledHeaders -working-directory /Users/runner/work/pure-bilibili-rethinking/pure-bilibili-rethinking/ios/Paladala -no-emit-module-separately-wmo

SwiftDriverJobDiscovery normal arm64 Compiling bridging header (in target 'Paladala' from project 'Paladala')

SwiftCompile normal arm64 Compiling\ PaladalaApp.swift,\ AppRouter.swift,\ Models.swift,\ PaladalaTheme.swift,\ BilibiliAPIClient.swift,\ PaladalaRepository.swift,\ ViewModels.swift,\ RootView.swift,\ HomeView.swift,\ UISearchFieldBridge.swift,\ BangumiHomeView.swift,\ VideoDetailView.swift,\ DynamicFeedView.swift,\ LiveRoomsView.swift,\ CDNManager.swift,\ CDNSettingsView.swift,\ ProfileSettingsView.swift,\ SharedViews.swift,\ PaladalaAppIntents.swift,\ PlayerView.swift,\ DesignModifier.swift,\ BundledFeedService.swift,\ StoredAccount.swift,\ KeychainStore.swift,\ AccountSessionStore.swift,\ AuthStore.swift,\ BilibiliAuthAPI.swift,\ LoginViewModel.swift,\ LoginSheet.swift,\ AccountContentViews.swift,\ ReplyListView.swift,\ DiagnosticLogger.swift,\ LogViewerView.swift,\ DeviceInfo.swift,\ Haptics.swift,\ OnboardingView.swift,\ NetworkMonitor.swift,\ MiniPlayerStore.swift,\ MiniPlayerOverlay.swift,\ Localizable.swift,\ LyricTypes.swift,\ BiliLyricParser.swift,\ MusicViewModel.swift,\ MusicHomeView.swift,\ MusicPlayerView.swift,\ MusicCard.swift,\ LyricScrollView.swift,\ MusicProgressBar.swift,\ AVPlayerController.swift,\ LocalHLSProxyServer.swift,\ WatchSession.swift,\ ICloudSync.swift,\ LiveActivityCoordinator.swift,\ FollowNotificationService.swift,\ LiveRoomActivityAttributes.swift,\ DownloadManager.swift,\ DownloadStore.swift,\ PlayProgressStore.swift,\ MP4Fragment.swift,\ PaladalaAppDelegate.swift,\ DownloadedVideosView.swift,\ DeepDiagnosticReportView.swift,\ InlineAVPlayerView.swift,\ Analytics.swift,\ LaunchMetrics.swift,\ UPProfileView.swift,\ AppVersion.swift,\ AboutView.swift,\ UpdateManager.swift,\ ShortcutManager.swift,\ SponsorBlockModels.swift,\ SponsorBlockService.swift,\ SponsorBlockManager.swift,\ SponsorBlockSettingsView.swift,\ FeedCacheWarmer.swift,\ LazyTab.swift,\ LoadState.swift,\ AppErrorCenter.swift,\ GenerationGuard.swift,\ SleepTimer.swift,\ SleepTimerHUDView.swift,\ PluginModels.swift,\ PluginManager.swift,\ PluginsSettingsView.swift,\ GeneratedAssetSymbols.swift /Users/runner/work/pure-bilibili-rethinking/pure-bilibili-rethinking/ios/Paladala/Paladala/PaladalaApp.swift /Users/runner/work/pure-bilibili-rethinking/pure-bilibili-rethinking/ios/Paladala/Paladala/AppRouter.swift /Users/runner/work/pure-bilibili-rethinking/pure-bilibili-rethinking/ios/Paladala/Paladala/Models.swift /Users/runner/work/pure-bilibili-rethinking/pure-bilibili-rethinking/ios/Paladala/Paladala/PaladalaTheme.swift /Users/runner/work/pure-bilibili-rethinking/pure-bilibili-rethinking/ios/Paladala/Paladala/BilibiliAPIClient.swift /Users/runner/work/pure-bilibili-rethinking/pure-bilibili-rethinking/ios/Paladala/Paladala/PaladalaRepository.swift /Users/runner/work/pure-bilibili-rethinking/pure-bilibili-rethinking/ios/Paladala/Paladala/ViewModels.swift /Users/runner/work/pure-bilibili-rethinking/pure-bilibili-rethinking/ios/Paladala/Paladala/RootView.swift /Users/runner/work/pure-bilibili-rethinking/pure-bilibili-rethinking/ios/Paladala/Paladala/HomeView.swift /Users/runner/work/pure-bilibili-rethinking/pure-bilibili-rethinking/ios/Paladala/Paladala/UISearchFieldBridge.swift /Users/runner/work/pure-bilibili-rethinking/pure-bilibili-rethinking/ios/Paladala/Paladala/BangumiHomeView.swift /Users/runner/work/pure-bilibili-rethinking/pure-bilibili-rethinking/ios/Paladala/Paladala/VideoDetailView.swift /Users/runner/work/pure-bilibili-rethinking/pure-bilibili-rethinking/ios/Paladala/Paladala/DynamicFeedView.swift /Users/runner/work/pure-bilibili-rethinking/pure-bilibili-rethinking/ios/Paladala/Paladala/LiveRoomsView.swift /Users/runner/work/pure-bilibili-rethinking/pure-bilibili-rethinking/ios/Paladala/Paladala/CDNManager.swift /Users/runner/work/pure-bilibili-rethinking/pure-bilibili-rethinking/ios/Paladala/Paladala/CDNSettingsView.swift /Users/runner/work/pure-bilibili-rethinking/pure-bilibili-rethinking/ios/Paladala/Paladala/ProfileSettingsView.swift /Users/runner/work/pure-bilibili-rethinking/pure-bilibili-rethinking/ios/Paladala/Paladala/SharedViews.swift /Users/runner/work/pure-bilibili-rethinking/pure-bilibili-rethinking/ios/Paladala/Paladala/PaladalaAppIntents.swift /Users/runner/work/pure-bilibili-rethinking/pure-bilibili-rethinking/ios/Paladala/Paladala/PlayerView.swift /Users/runner/work/pure-bilibili-rethinking/pure-bilibili-rethinking/ios/Paladala/Paladala/DesignModifier.swift /Users/runner/work/pure-bilibili-rethinking/pure-bilibili-rethinking/ios/Paladala/Paladala/BundledFeedService.swift /Users/runner/work/pure-bilibili-rethinking/pure-bilibili-rethinking/ios/Paladala/Paladala/Auth/StoredAccount.swift /Users/runner/work/pure-bilibili-rethinking/pure-bilibili-rethinking/ios/Paladala/Paladala/Auth/KeychainStore.swift /Users/runner/work/pure-bilibili-rethinking/pure-bilibili-rethinking/ios/Paladala/Paladala/Auth/AccountSessionStore.swift /Users/runner/work/pure-bilibili-rethinking/pure-bilibili-rethinking/ios/Paladala/Paladala/Auth/AuthStore.swift /Users/runner/work/pure-bilibili-rethinking/pure-bilibili-rethinking/ios/Paladala/Paladala/Auth/BilibiliAuthAPI.swift /Users/runner/work/pure-bilibili-rethinking/pure-bilibili-rethinking/ios/Paladala/Paladala/Login/LoginViewModel.swift /Users/runner/work/pure-bilibili-rethinking/pure-bilibili-rethinking/ios/Paladala/Paladala/Login/LoginSheet.swift /Users/runner/work/pure-bilibili-rethinking/pure-bilibili-rethinking/ios/Paladala/Paladala/AccountContentViews.swift /Users/runner/work/pure-bilibili-rethinking/pure-bilibili-rethinking/ios/Paladala/Paladala/ReplyListView.swift /Users/runner/work/pure-bilibili-rethinking/pure-bilibili-rethinking/ios/Paladala/Paladala/DiagnosticLogger.swift /Users/runner/work/pure-bilibili-rethinking/pure-bilibili-rethinking/ios/Paladala/Paladala/LogViewerView.swift /Users/runner/work/pure-bilibili-rethinking/pure-bilibili-rethinking/ios/Paladala/Paladala/DeviceInfo.swift /Users/runner/work/pure-bilibili-rethinking/pure-bilibili-rethinking/ios/Paladala/Paladala/Haptics.swift /Users/runner/work/pure-bilibili-rethinking/pure-bilibili-rethinking/ios/Paladala/Paladala/OnboardingView.swift /Users/runner/work/pure-bilibili-rethinking/pure-bilibili-rethinking/ios/Paladala/Paladala/NetworkMonitor.swift /Users/runner/work/pure-bilibili-rethinking/pure-bilibili-rethinking/ios/Paladala/Paladala/MiniPlayerStore.swift /Users/runner/work/pure-bilibili-rethinking/pure-bilibili-rethinking/ios/Paladala/Paladala/MiniPlayerOverlay.swift /Users/runner/work/pure-bilibili-rethinking/pure-bilibili-rethinking/ios/Paladala/Paladala/Localizable.swift /Users/runner/work/pure-bilibili-rethinking/pure-bilibili-rethinking/ios/Paladala/Paladala/Music/Models/LyricTypes.swift /Users/runner/work/pure-bilibili-rethinking/pure-bilibili-rethinking/ios/Paladala/Paladala/Music/Parsers/BiliLyricParser.swift /Users/runner/work/pure-bilibili-rethinking/pure-bilibili-rethinking/ios/Paladala/Paladala/Music/ViewModels/MusicViewModel.swift /Users/runner/work/pure-bilibili-rethinking/pure-bilibili-rethinking/ios/Paladala/Paladala/Music/Views/MusicHomeView.swift /Users/runner/work/pure-bilibili-rethinking/pure-bilibili-rethinking/ios/Paladala/Paladala/Music/Views/MusicPlayerView.swift /Users/runner/work/pure-bilibili-rethinking/pure-bilibili-rethinking/ios/Paladala/Paladala/Music/Views/Components/MusicCard.swift /Users/runner/work/pure-bilibili-rethinking/pure-bilibili-rethinking/ios/Paladala/Paladala/Music/Views/Components/LyricScrollView.swift /Users/runner/work/pure-bilibili-rethinking/pure-bilibili-rethinking/ios/Paladala/Paladala/Music/Views/Components/MusicProgressBar.swift /Users/runner/work/pure-bilibili-rethinking/pure-bilibili-rethinking/ios/Paladala/Paladala/AVPlayerController.swift /Users/runner/work/pure-bilibili-rethinking/pure-bilibili-rethinking/ios/Paladala/Paladala/LocalHLSProxyServer.swift /Users/runner/work/pure-bilibili-rethinking/pure-bilibili-rethinking/ios/Paladala/Paladala/WatchSession.swift /Users/runner/work/pure-bilibili-rethinking/pure-bilibili-rethinking/ios/Paladala/Paladala/ICloudSync.swift /Users/runner/work/pure-bilibili-rethinking/pure-bilibili-rethinking/ios/Paladala/Paladala/LiveActivityCoordinator.swift /Users/runner/work/pure-bilibili-rethinking/pure-bilibili-rethinking/ios/Paladala/Paladala/FollowNotificationService.swift /Users/runner/work/pure-bilibili-rethinking/pure-bilibili-rethinking/ios/Paladala/Paladala/Shared/LiveRoomActivityAttributes.swift /Users/runner/work/pure-bilibili-rethinking/pure-bilibili-rethinking/ios/Paladala/Paladala/DownloadManager.swift /Users/runner/work/pure-bilibili-rethinking/pure-bilibili-rethinking/ios/Paladala/Paladala/DownloadStore.swift /Users/runner/work/pure-bilibili-rethinking/pure-bilibili-rethinking/ios/Paladala/Paladala/PlayProgressStore.swift /Users/runner/work/pure-bilibili-rethinking/pure-bilibili-rethinking/ios/Paladala/Paladala/MP4Fragment.swift /Users/runner/work/pure-bilibili-rethinking/pure-bilibili-rethinking/ios/Paladala/Paladala/PaladalaAppDelegate.swift /Users/runner/work/pure-bilibili-rethinking/pure-bilibili-rethinking/ios/Paladala/Paladala/DownloadedVideosView.swift /Users/runner/work/pure-bilibili-rethinking/pure-bilibili-rethinking/ios/Paladala/Paladala/DeepDiagnosticReportView.swift /Users/runner/work/pure-bilibili-rethinking/pure-bilibili-rethinking/ios/Paladala/Paladala/InlineAVPlayerView.swift /Users/runner/work/pure-bilibili-rethinking/pure-bilibili-rethinking/ios/Paladala/Paladala/Analytics.swift /Users/runner/work/pure-bilibili-rethinking/pure-bilibili-rethinking/ios/Paladala/Paladala/LaunchMetrics.swift /Users/runner/work/pure-bilibili-rethinking/pure-bilibili-rethinking/ios/Paladala/Paladala/UPProfileView.swift /Users/runner/work/pure-bilibili-rethinking/pure-bilibili-rethinking/ios/Paladala/Paladala/AppVersion.swift /Users/runner/work/pure-bilibili-rethinking/pure-bilibili-rethinking/ios/Paladala/Paladala/AboutView.swift /Users/runner/work/pure-bilibili-rethinking/pure-bilibili-rethinking/ios/Paladala/Paladala/UpdateManager.swift /Users/runner/work/pure-bilibili-rethinking/pure-bilibili-rethinking/ios/Paladala/Paladala/ShortcutManager.swift /Users/runner/work/pure-bilibili-rethinking/pure-bilibili-rethinking/ios/Paladala/Paladala/SponsorBlockModels.swift /Users/runner/work/pure-bilibili-rethinking/pure-bilibili-rethinking/ios/Paladala/Paladala/SponsorBlockService.swift /Users/runner/work/pure-bilibili-rethinking/pure-bilibili-rethinking/ios/Paladala/Paladala/SponsorBlockManager.swift /Users/runner/work/pure-bilibili-rethinking/pure-bilibili-rethinking/ios/Paladala/Paladala/SponsorBlockSettingsView.swift /Users/runner/work/pure-bilibili-rethinking/pure-bilibili-rethinking/ios/Paladala/Paladala/FeedCacheWarmer.swift /Users/runner/work/pure-bilibili-rethinking/pure-bilibili-rethinking/ios/Paladala/Paladala/LazyTab.swift /Users/runner/work/pure-bilibili-rethinking/pure-bilibili-rethinking/ios/Paladala/Paladala/LoadState.swift /Users/runner/work/pure-bilibili-rethinking/pure-bilibili-rethinking/ios/Paladala/Paladala/AppErrorCenter.swift /Users/runner/work/pure-bilibili-rethinking/pure-bilibili-rethinking/ios/Paladala/Paladala/GenerationGuard.swift /Users/runner/work/pure-bilibili-rethinking/pure-bilibili-rethinking/ios/Paladala/Paladala/SleepTimer.swift /Users/runner/work/pure-bilibili-rethinking/pure-bilibili-rethinking/ios/Paladala/Paladala/SleepTimerHUDView.swift /Users/runner/work/pure-bilibili-rethinking/pure-bilibili-rethinking/ios/Paladala/Paladala/PluginModels.swift /Users/runner/work/pure-bilibili-rethinking/pure-bilibili-rethinking/ios/Paladala/Paladala/PluginManager.swift /Users/runner/work/pure-bilibili-rethinking/pure-bilibili-rethinking/ios/Paladala/Paladala/PluginsSettingsView.swift /Users/runner/work/pure-bilibili-rethinking/pure-bilibili-rethinking/build/ios-derived-data/Build/Intermediates.noindex/Paladala.build/Release-iphoneos/Paladala.build/DerivedSources/GeneratedAssetSymbols.swift /Users/runner/work/pure-bilibili-rethinking/pure-bilibili-rethinking/build/ios-derived-data/Build/Intermediates.noindex/PrecompiledHeaders/Paladala-Bridging-Header.pch (in target 'Paladala' from project 'Paladala')
CompileSwift normal arm64 (in target 'Paladala' from project 'Paladala')
    cd /Users/runner/work/pure-bilibili-rethinking/pure-bilibili-rethinking/ios/Paladala
    
/Users/runner/work/pure-bilibili-rethinking/pure-bilibili-rethinking/ios/Paladala/Paladala/BilibiliAPIClient.swift:3230:49: error: consecutive statements on a line must be separated by ';'
    var userInfo: [CodingUserInfoKey: Any] { [:] ]
                                                ^
                                                ;
/Users/runner/work/pure-bilibili-rethinking/pure-bilibili-rethinking/ios/Paladala/Paladala/BilibiliAPIClient.swift:3230:50: error: expected expression
    var userInfo: [CodingUserInfoKey: Any] { [:] ]
                                                 ^
/Users/runner/work/pure-bilibili-rethinking/pure-bilibili-rethinking/ios/Paladala/Paladala/BilibiliAPIClient.swift:4664:1: error: declaration is only valid at file scope
extension FailableDecodable: Sendable where T: Sendable {}
^
/Users/runner/work/pure-bilibili-rethinking/pure-bilibili-rethinking/ios/Paladala/Paladala/BilibiliAPIClient.swift:4764:9: error: declaration is only valid at file scope
private extension KeyedDecodingContainer where K == DynamicKey {
        ^
/Users/runner/work/pure-bilibili-rethinking/pure-bilibili-rethinking/ios/Paladala/Paladala/BilibiliAPIClient.swift:4873:9: error: declaration is only valid at file scope
private extension String {
        ^
/Users/runner/work/pure-bilibili-rethinking/pure-bilibili-rethinking/ios/Paladala/Paladala/BilibiliAPIClient.swift:5020:9: error: declaration is only valid at file scope
private extension Data {
        ^
/Users/runner/work/pure-bilibili-rethinking/pure-bilibili-rethinking/ios/Paladala/Paladala/BilibiliAPIClient.swift:5067:1: error: expected '}' in struct

^
/Users/runner/work/pure-bilibili-rethinking/pure-bilibili-rethinking/ios/Paladala/Paladala/BilibiliAPIClient.swift:3227:49: note: to match this opening '{'
private struct _NestedContainerDecoder: Decoder {
                                                ^
/Users/runner/work/pure-bilibili-rethinking/pure-bilibili-rethinking/ios/Paladala/Paladala/Models.swift:122:24: error: cannot find type 'BiliVIPBadge' in scope
    var ownerVIPBadge: BiliVIPBadge? = nil
                       ^~~~~~~~~~~~
/Users/runner/work/pure-bilibili-rethinking/pure-bilibili-rethinking/ios/Paladala/Paladala/Models.swift:70:8: error: type 'BiliVideo' does not conform to protocol 'Decodable'
struct BiliVideo: Identifiable, Hashable, Codable, Sendable {
       ^
Swift.Decodable.init:2:1: note: protocol requires initializer 'init(from:)' with type 'Decodable'
init(from decoder: any Decoder) throws}
^
/Users/runner/work/pure-bilibili-rethinking/pure-bilibili-rethinking/ios/Paladala/Paladala/Models.swift:122:9: note: cannot automatically synthesize 'Decodable' because 'BiliVIPBadge?' does not conform to 'Decodable'
    var ownerVIPBadge: BiliVIPBadge? = nil
        ^
/Users/runner/work/pure-bilibili-rethinking/pure-bilibili-rethinking/ios/Paladala/Paladala/Models.swift:70:8: error: type 'BiliVideo' does not conform to protocol 'Decodable'
struct BiliVideo: Identifiable, Hashable, Codable, Sendable {
       ^
Swift.Decodable.init:2:1: note: protocol requires initializer 'init(from:)' with type 'Decodable'
init(from decoder: any Decoder) throws}
^
/Users/runner/work/pure-bilibili-rethinking/pure-bilibili-rethinking/ios/Paladala/Paladala/Models.swift:122:9: note: cannot automatically synthesize 'Decodable' because 'BiliVIPBadge?' does not conform to 'Decodable'
    var ownerVIPBadge: BiliVIPBadge? = nil
        ^
/Users/runner/work/pure-bilibili-rethinking/pure-bilibili-rethinking/ios/Paladala/Paladala/AppRouter.swift:271:27: error: 'nil' requires a contextual type
                coverURL: nil,
                          ^
/Users/runner/work/pure-bilibili-rethinking/pure-bilibili-rethinking/ios/Paladala/Paladala/Models.swift:70:8: error: type 'BiliVideo' does not conform to protocol 'Hashable'
struct BiliVideo: Identifiable, Hashable, Codable, Sendable {
       ^
/Users/runner/work/pure-bilibili-rethinking/pure-bilibili-rethinking/ios/Paladala/Paladala/Models.swift:122:9: note: stored property type '<<error type>>' does not conform to protocol 'Hashable', preventing synthesized conformance of 'BiliVideo' to 'Hashable'
    var ownerVIPBadge: BiliVIPBadge? = nil
        ^
/Users/runner/work/pure-bilibili-rethinking/pure-bilibili-rethinking/ios/Paladala/Paladala/Models.swift:70:8: error: type 'BiliVideo' does not conform to protocol 'Encodable'
struct BiliVideo: Identifiable, Hashable, Codable, Sendable {
       ^
Swift.Encodable.encode:2:6: note: protocol requires function 'encode(to:)' with type 'Encodable'
func encode(to encoder: any Encoder) throws}
     ^
/Users/runner/work/pure-bilibili-rethinking/pure-bilibili-rethinking/ios/Paladala/Paladala/Models.swift:122:9: note: cannot automatically synthesize 'Encodable' because 'BiliVIPBadge?' does not conform to 'Encodable'
    var ownerVIPBadge: BiliVIPBadge? = nil
        ^
/Users/runner/work/pure-bilibili-rethinking/pure-bilibili-rethinking/ios/Paladala/Paladala/Models.swift:70:8: error: type 'BiliVideo' does not conform to protocol 'Equatable'
struct BiliVideo: Identifiable, Hashable, Codable, Sendable {
       ^
/Users/runner/work/pure-bilibili-rethinking/pure-bilibili-rethinking/ios/Paladala/Paladala/Models.swift:122:9: note: stored property type '<<error type>>' does not conform to protocol 'Equatable', preventing synthesized conformance of 'BiliVideo' to 'Equatable'
    var ownerVIPBadge: BiliVIPBadge? = nil
        ^
Swift.==:1:24: note: candidate would match if 'BiliVideo' conformed to 'RawRepresentable'
@inlinable public func == <T>(lhs: T, rhs: T) -> Bool where T : RawRepresentable, T.RawValue : Equatable
                       ^
Swift.FloatingPoint.==:2:20: note: candidate would match if 'BiliVideo' conformed to 'FloatingPoint'
public static func == (lhs: Self, rhs: Self) -> Bool}
                   ^
Swift.BinaryInteger.==:2:20: note: candidate would match if 'BiliVideo' conformed to 'BinaryInteger'
public static func == <Other>(lhs: Self, rhs: Other) -> Bool where Other : BinaryInteger}
                   ^
Swift._Pointer.==:2:20: note: candidate would match if 'BiliVideo' conformed to '_Pointer'
public static func == (lhs: Self, rhs: Self) -> Bool}
                   ^
Swift._Pointer.==:2:31: note: candidate would match if 'BiliVideo' conformed to '_Pointer'
@inlinable public static func == <Other>(lhs: Self, rhs: Other) -> Bool where Other : _Pointer}
                              ^
Swift.Strideable.==:2:31: note: candidate would match if 'BiliVideo' conformed to 'Strideable'
@inlinable public static func == (x: Self, y: Self) -> Bool}
                              ^
Swift.StringProtocol.==:2:31: note: candidate would match if 'BiliVideo' conformed to 'StringProtocol'
@inlinable public static func == <RHS>(lhs: Self, rhs: RHS) -> Bool where RHS : StringProtocol}
                              ^
Swift.SIMD.==:2:20: note: candidate would match if 'BiliVideo' conformed to 'SIMD'
public static func == (a: Self, b: Self) -> Bool}
                   ^
Foundation.AttributedStringProtocol.==:2:20: note: candidate would match if 'BiliVideo' conformed to 'AttributedStringProtocol'
public static func == <RHS>(lhs: Self, rhs: RHS) -> Bool where RHS : AttributedStringProtocol}
                   ^
Foundation._BridgedStoredNSError.==:2:20: note: candidate would match if 'BiliVideo' conformed to '_BridgedStoredNSError'
public static func == (lhs: Self, rhs: Self) -> Bool}
                   ^
CoreFoundation._CFObject.==:2:20: note: candidate would match if 'BiliVideo' conformed to '_CFObject'
public static func == (left: Self, right: Self) -> Bool}
                   ^
/Users/runner/work/pure-bilibili-rethinking/pure-bilibili-rethinking/ios/Paladala/Paladala/Models.swift:70:8: note: add stubs for conformance
struct BiliVideo: Identifiable, Hashable, Codable, Sendable {
       ^
Swift.Equatable.==:2:13: note: protocol requires function '==' with type '(BiliVideo, BiliVideo) -> Bool'
static func == (lhs: Self, rhs: Self) -> Bool}
            ^
/Users/runner/work/pure-bilibili-rethinking/pure-bilibili-rethinking/ios/Paladala/Paladala/Models.swift:155:19: error: cannot find type 'BiliVIPBadge' in scope
    let vipBadge: BiliVIPBadge?
                  ^~~~~~~~~~~~
/Users/runner/work/pure-bilibili-rethinking/pure-bilibili-rethinking/ios/Paladala/Paladala/Models.swift:164:19: error: cannot find type 'BiliVIPBadge' in scope
        vipBadge: BiliVIPBadge? = nil
                  ^~~~~~~~~~~~
/Users/runner/work/pure-bilibili-rethinking/pure-bilibili-rethinking/ios/Paladala/Paladala/Models.swift:148:8: error: type 'BiliUserCard' does not conform to protocol 'Hashable'
struct BiliUserCard: Codable, Hashable, Sendable {
       ^
/Users/runner/work/pure-bilibili-rethinking/pure-bilibili-rethinking/ios/Paladala/Paladala/Models.swift:155:9: note: stored property type '<<error type>>' does not conform to protocol 'Hashable', preventing synthesized conformance of 'BiliUserCard' to 'Hashable'
    let vipBadge: BiliVIPBadge?
        ^
/Users/runner/work/pure-bilibili-rethinking/pure-bilibili-rethinking/ios/Paladala/Paladala/Models.swift:148:8: error: type 'BiliUserCard' does not conform to protocol 'Equatable'
struct BiliUserCard: Codable, Hashable, Sendable {
       ^
/Users/runner/work/pure-bilibili-rethinking/pure-bilibili-rethinking/ios/Paladala/Paladala/Models.swift:155:9: note: stored property type '<<error type>>' does not conform to protocol 'Equatable', preventing synthesized conformance of 'BiliUserCard' to 'Equatable'
    let vipBadge: BiliVIPBadge?
        ^
Swift.==:1:24: note: candidate would match if 'BiliUserCard' conformed to 'RawRepresentable'
@inlinable public func == <T>(lhs: T, rhs: T) -> Bool where T : RawRepresentable, T.RawValue : Equatable
                       ^
Swift.FloatingPoint.==:2:20: note: candidate would match if 'BiliUserCard' conformed to 'FloatingPoint'
public static func == (lhs: Self, rhs: Self) -> Bool}
                   ^
Swift.BinaryInteger.==:2:20: note: candidate would match if 'BiliUserCard' conformed to 'BinaryInteger'
public static func == <Other>(lhs: Self, rhs: Other) -> Bool where Other : BinaryInteger}
                   ^
Swift._Pointer.==:2:20: note: candidate would match if 'BiliUserCard' conformed to '_Pointer'
public static func == (lhs: Self, rhs: Self) -> Bool}
                   ^
Swift._Pointer.==:2:31: note: candidate would match if 'BiliUserCard' conformed to '_Pointer'
@inlinable public static func == <Other>(lhs: Self, rhs: Other) -> Bool where Other : _Pointer}
                              ^
Swift.Strideable.==:2:31: note: candidate would match if 'BiliUserCard' conformed to 'Strideable'
@inlinable public static func == (x: Self, y: Self) -> Bool}
                              ^
Swift.StringProtocol.==:2:31: note: candidate would match if 'BiliUserCard' conformed to 'StringProtocol'
@inlinable public static func == <RHS>(lhs: Self, rhs: RHS) -> Bool where RHS : StringProtocol}
                              ^
Swift.SIMD.==:2:20: note: candidate would match if 'BiliUserCard' conformed to 'SIMD'
public static func == (a: Self, b: Self) -> Bool}
                   ^
Foundation.AttributedStringProtocol.==:2:20: note: candidate would match if 'BiliUserCard' conformed to 'AttributedStringProtocol'
public static func == <RHS>(lhs: Self, rhs: RHS) -> Bool where RHS : AttributedStringProtocol}
                   ^
Foundation._BridgedStoredNSError.==:2:20: note: candidate would match if 'BiliUserCard' conformed to '_BridgedStoredNSError'
public static func == (lhs: Self, rhs: Self) -> Bool}
                   ^
CoreFoundation._CFObject.==:2:20: note: candidate would match if 'BiliUserCard' conformed to '_CFObject'
public static func == (left: Self, right: Self) -> Bool}
                   ^
/Users/runner/work/pure-bilibili-rethinking/pure-bilibili-rethinking/ios/Paladala/Paladala/Models.swift:148:8: note: add stubs for conformance
struct BiliUserCard: Codable, Hashable, Sendable {
       ^
Swift.Equatable.==:2:13: note: protocol requires function '==' with type '(BiliUserCard, BiliUserCard) -> Bool'
static func == (lhs: Self, rhs: Self) -> Bool}
            ^
/Users/runner/work/pure-bilibili-rethinking/pure-bilibili-rethinking/ios/Paladala/Paladala/Models.swift:989:19: error: cannot find type 'BiliVIPBadge' in scope
    let vipBadge: BiliVIPBadge?
                  ^~~~~~~~~~~~
/Users/runner/work/pure-bilibili-rethinking/pure-bilibili-rethinking/ios/Paladala/Paladala/Models.swift:999:19: error: cannot find type 'BiliVIPBadge' in scope
        vipBadge: BiliVIPBadge? = nil
                  ^~~~~~~~~~~~
/Users/runner/work/pure-bilibili-rethinking/pure-bilibili-rethinking/ios/Paladala/Paladala/Models.swift:977:8: error: type 'BiliComment' does not conform to protocol 'Hashable'
struct BiliComment: Identifiable, Hashable, Sendable {
       ^
/Users/runner/work/pure-bilibili-rethinking/pure-bilibili-rethinking/ios/Paladala/Paladala/Models.swift:989:9: note: stored property type '<<error type>>' does not conform to protocol 'Hashable', preventing synthesized conformance of 'BiliComment' to 'Hashable'
    let vipBadge: BiliVIPBadge?
        ^
/Users/runner/work/pure-bilibili-rethinking/pure-bilibili-rethinking/ios/Paladala/Paladala/Models.swift:977:8: error: type 'BiliComment' does not conform to protocol 'Equatable'
struct BiliComment: Identifiable, Hashable, Sendable {
       ^
/Users/runner/work/pure-bilibili-rethinking/pure-bilibili-rethinking/ios/Paladala/Paladala/Models.swift:989:9: note: stored property type '<<error type>>' does not conform to protocol 'Equatable', preventing synthesized conformance of 'BiliComment' to 'Equatable'
    let vipBadge: BiliVIPBadge?
        ^
Swift.==:1:24: note: candidate would match if 'BiliComment' conformed to 'RawRepresentable'
@inlinable public func == <T>(lhs: T, rhs: T) -> Bool where T : RawRepresentable, T.RawValue : Equatable
                       ^
Swift.FloatingPoint.==:2:20: note: candidate would match if 'BiliComment' conformed to 'FloatingPoint'
public static func == (lhs: Self, rhs: Self) -> Bool}
                   ^
Swift.BinaryInteger.==:2:20: note: candidate would match if 'BiliComment' conformed to 'BinaryInteger'
public static func == <Other>(lhs: Self, rhs: Other) -> Bool where Other : BinaryInteger}
                   ^
Swift._Pointer.==:2:20: note: candidate would match if 'BiliComment' conformed to '_Pointer'
public static func == (lhs: Self, rhs: Self) -> Bool}
                   ^
Swift._Pointer.==:2:31: note: candidate would match if 'BiliComment' conformed to '_Pointer'
@inlinable public static func == <Other>(lhs: Self, rhs: Other) -> Bool where Other : _Pointer}
                              ^
Swift.Strideable.==:2:31: note: candidate would match if 'BiliComment' conformed to 'Strideable'
@inlinable public static func == (x: Self, y: Self) -> Bool}
                              ^
Swift.StringProtocol.==:2:31: note: candidate would match if 'BiliComment' conformed to 'StringProtocol'
@inlinable public static func == <RHS>(lhs: Self, rhs: RHS) -> Bool where RHS : StringProtocol}
                              ^
Swift.SIMD.==:2:20: note: candidate would match if 'BiliComment' conformed to 'SIMD'
public static func == (a: Self, b: Self) -> Bool}
                   ^
Foundation.AttributedStringProtocol.==:2:20: note: candidate would match if 'BiliComment' conformed to 'AttributedStringProtocol'
public static func == <RHS>(lhs: Self, rhs: RHS) -> Bool where RHS : AttributedStringProtocol}
                   ^
Foundation._BridgedStoredNSError.==:2:20: note: candidate would match if 'BiliComment' conformed to '_BridgedStoredNSError'
public static func == (lhs: Self, rhs: Self) -> Bool}
                   ^
CoreFoundation._CFObject.==:2:20: note: candidate would match if 'BiliComment' conformed to '_CFObject'
public static func == (left: Self, right: Self) -> Bool}
                   ^
/Users/runner/work/pure-bilibili-rethinking/pure-bilibili-rethinking/ios/Paladala/Paladala/Models.swift:977:8: note: add stubs for conformance
struct BiliComment: Identifiable, Hashable, Sendable {
       ^
Swift.Equatable.==:2:13: note: protocol requires function '==' with type '(BiliComment, BiliComment) -> Bool'
static func == (lhs: Self, rhs: Self) -> Bool}
            ^
/Users/runner/work/pure-bilibili-rethinking/pure-bilibili-rethinking/ios/Paladala/Paladala/Models.swift:211:13: error: cannot find 'BilibiliNavVIPDTO' in scope
            BilibiliNavVIPDTO.self,
            ^~~~~~~~~~~~~~~~~
/Users/runner/work/pure-bilibili-rethinking/pure-bilibili-rethinking/ios/Paladala/Paladala/BilibiliAPIClient.swift:1532:44: error: cannot find type 'LivePlayURLHost' in scope
    private func composeStreamURL(urlInfo: LivePlayURLHost, codec: LivePlayCodec) -> URL? {
                                           ^~~~~~~~~~~~~~~
/Users/runner/work/pure-bilibili-rethinking/pure-bilibili-rethinking/ios/Paladala/Paladala/BilibiliAPIClient.swift:1532:68: error: cannot find type 'LivePlayCodec' in scope
    private func composeStreamURL(urlInfo: LivePlayURLHost, codec: LivePlayCodec) -> URL? {
                                                                   ^~~~~~~~~~~~~
/Users/runner/work/pure-bilibili-rethinking/pure-bilibili-rethinking/ios/Paladala/Paladala/BilibiliAPIClient.swift:1639:18: error: cannot find type 'DynamicFeedPayload' in scope
        payload: DynamicFeedPayload?,
                 ^~~~~~~~~~~~~~~~~~
/Users/runner/work/pure-bilibili-rethinking/pure-bilibili-rethinking/ios/Paladala/Paladala/BilibiliAPIClient.swift:2861:15: error: cannot find type 'PlayURLPayload' in scope
    let dash: PlayURLPayload.Dash?
              ^~~~~~~~~~~~~~
/Users/runner/work/pure-bilibili-rethinking/pure-bilibili-rethinking/ios/Paladala/Paladala/BilibiliAPIClient.swift:2860:20: error: type 'PgcVideoInfo' does not conform to protocol 'Decodable'
fileprivate struct PgcVideoInfo: Decodable, Sendable {
                   ^
Swift.Decodable.init:2:1: note: protocol requires initializer 'init(from:)' with type 'Decodable'
init(from decoder: any Decoder) throws}
^
/Users/runner/work/pure-bilibili-rethinking/pure-bilibili-rethinking/ios/Paladala/Paladala/BilibiliAPIClient.swift:2861:9: note: cannot automatically synthesize 'Decodable' because 'PlayURLPayload.Dash?' does not conform to 'Decodable'
    let dash: PlayURLPayload.Dash?
        ^
/Users/runner/work/pure-bilibili-rethinking/pure-bilibili-rethinking/ios/Paladala/Paladala/BilibiliAPIClient.swift:2934:46: error: cannot find type 'DynamicKey' in scope
        in container: KeyedDecodingContainer<DynamicKey>,
                                             ^~~~~~~~~~
/Users/runner/work/pure-bilibili-rethinking/pure-bilibili-rethinking/ios/Paladala/Paladala/BilibiliAPIClient.swift:3228:9: error: property must be declared private because its type uses a private type
    let container: KeyedDecodingContainer<DynamicKey>
        ^                                 ~~~~~~~~~~
/Users/runner/work/pure-bilibili-rethinking/pure-bilibili-rethinking/ios/Paladala/Paladala/BilibiliAPIClient.swift:4747:16: note: type declared here
private struct DynamicKey: CodingKey {
               ^
/Users/runner/work/pure-bilibili-rethinking/pure-bilibili-rethinking/ios/Paladala/Paladala/BilibiliAPIClient.swift:4713:18: error: cannot find type 'BilibiliCommentVIPDTO' in scope
        let vip: BilibiliCommentVIPDTO?
                 ^~~~~~~~~~~~~~~~~~~~~
/Users/runner/work/pure-bilibili-rethinking/pure-bilibili-rethinking/ios/Paladala/Paladala/BilibiliAPIClient.swift:4706:12: error: type '_NestedContainerDecoder.CommentDTO.Member' does not conform to protocol 'Decodable'
    struct Member: Decodable {
           ^
Swift.Decodable.init:2:1: note: protocol requires initializer 'init(from:)' with type 'Decodable'
init(from decoder: any Decoder) throws}
^
/Users/runner/work/pure-bilibili-rethinking/pure-bilibili-rethinking/ios/Paladala/Paladala/BilibiliAPIClient.swift:4713:13: note: cannot automatically synthesize 'Decodable' because 'BilibiliCommentVIPDTO?' does not conform to 'Decodable'
        let vip: BilibiliCommentVIPDTO?
            ^
/Users/runner/work/pure-bilibili-rethinking/pure-bilibili-rethinking/ios/Paladala/Paladala/BilibiliAPIClient.swift:4764:53: error: cannot find type 'DynamicKey' in scope
private extension KeyedDecodingContainer where K == DynamicKey {
                                                    ^~~~~~~~~~
/Users/runner/work/pure-bilibili-rethinking/pure-bilibili-rethinking/ios/Paladala/Paladala/BilibiliAPIClient.swift:3227:16: error: type '_NestedContainerDecoder' does not conform to protocol 'Decoder'
private struct _NestedContainerDecoder: Decoder {
               ^
/Users/runner/work/pure-bilibili-rethinking/pure-bilibili-rethinking/ios/Paladala/Paladala/BilibiliAPIClient.swift:3227:16: note: add stubs for conformance
private struct _NestedContainerDecoder: Decoder {
               ^
Swift.Decoder.container:2:6: note: protocol requires function 'container(keyedBy:)' with type '<Key> (keyedBy: Key.Type) throws -> KeyedDecodingContainer<Key>'
func container<Key>(keyedBy type: Key.Type) throws -> KeyedDecodingContainer<Key> where Key : CodingKey}
     ^
Swift.Decoder.unkeyedContainer:2:6: note: protocol requires function 'unkeyedContainer()' with type '() throws -> any UnkeyedDecodingContainer'
func unkeyedContainer() throws -> any UnkeyedDecodingContainer}
     ^
Swift.Decoder.singleValueContainer:2:6: note: protocol requires function 'singleValueContainer()' with type '() throws -> any SingleValueDecodingContainer'
func singleValueContainer() throws -> any SingleValueDecodingContainer}
     ^
/Users/runner/work/pure-bilibili-rethinking/pure-bilibili-rethinking/ios/Paladala/Paladala/BilibiliAPIClient.swift:551:34: error: cannot find type 'LyricInfoPayload' in scope
        let payload: APIResponse<LyricInfoPayload> = try await get(
                                 ^~~~~~~~~~~~~~~~
/Users/runner/work/pure-bilibili-rethinking/pure-bilibili-rethinking/ios/Paladala/Paladala/BilibiliAPIClient.swift:561:30: error: cannot infer key path type from context; consider explicitly specifying a root type
        return subtitles.map(\.model).filter { !$0.subtitleURL.isEmpty }
                             ^
                              <#Root#>
/Users/runner/work/pure-bilibili-rethinking/pure-bilibili-rethinking/ios/Paladala/Paladala/BilibiliAPIClient.swift:643:16: error: cannot find 'BiliDanmakuXMLParser' in scope
        return BiliDanmakuXMLParser.parse(data: data.biliDanmakuInflatedIfNeeded())
               ^~~~~~~~~~~~~~~~~~~~
/Users/runner/work/pure-bilibili-rethinking/pure-bilibili-rethinking/ios/Paladala/Paladala/BilibiliAPIClient.swift:643:54: error: value of type 'Data' has no member 'biliDanmakuInflatedIfNeeded'
        return BiliDanmakuXMLParser.parse(data: data.biliDanmakuInflatedIfNeeded())
                                                ~~~~ ^~~~~~~~~~~~~~~~~~~~~~~~~~~
/Users/runner/work/pure-bilibili-rethinking/pure-bilibili-rethinking/ios/Paladala/Paladala/BilibiliAPIClient.swift:889:42: error: cannot find 'PlayURLPayload' in scope
        let playURL = try decoder.decode(PlayURLPayload.self, from: playURLData)
                                         ^~~~~~~~~~~~~~
/Users/runner/work/pure-bilibili-rethinking/pure-bilibili-rethinking/ios/Paladala/Paladala/BilibiliAPIClient.swift:889:35: error: type of expression is ambiguous without a type annotation
        let playURL = try decoder.decode(PlayURLPayload.self, from: playURLData)
                      ~~~~~~~~~~~~^~~~~~~~~~~~~~~~~~~~~~~~~~~~~~~~~~~~~~~~~~~~~~
/Users/runner/work/pure-bilibili-rethinking/pure-bilibili-rethinking/ios/Paladala/Paladala/BilibiliAPIClient.swift:1114:34: error: cannot find type 'UserSearchPayload' in scope
        let payload: APIResponse<UserSearchPayload> = try await get(
                                 ^~~~~~~~~~~~~~~~~
/Users/runner/work/pure-bilibili-rethinking/pure-bilibili-rethinking/ios/Paladala/Paladala/BilibiliAPIClient.swift:1128:45: error: generic parameter 'U' could not be inferred
        return (payload.value?.users ?? []).map(\.model).filter { $0.mid > 0 }
                                            ^
Swift.Optional.map:2:13: note: in call to function 'map'
public func map<E, U>(_ transform: (Wrapped) throws(E) -> U) throws(E) -> U? where E : Error, U : ~Copyable}
            ^
/Users/runner/work/pure-bilibili-rethinking/pure-bilibili-rethinking/ios/Paladala/Paladala/BilibiliAPIClient.swift:1128:41: error: cannot convert value of type '[Any]' to expected argument type 'T?'
        return (payload.value?.users ?? []).map(\.model).filter { $0.mid > 0 }
                                        ^
/Users/runner/work/pure-bilibili-rethinking/pure-bilibili-rethinking/ios/Paladala/Paladala/BilibiliAPIClient.swift:1128:58: error: reference to member 'filter' cannot be resolved without a contextual type
        return (payload.value?.users ?? []).map(\.model).filter { $0.mid > 0 }
                                                         ^
/Users/runner/work/pure-bilibili-rethinking/pure-bilibili-rethinking/ios/Paladala/Paladala/BilibiliAPIClient.swift:1226:34: error: cannot find type 'BiliAISummaryPayload' in scope
        let payload: APIResponse<BiliAISummaryPayload> = try await get(
                                 ^~~~~~~~~~~~~~~~~~~~
/Users/runner/work/pure-bilibili-rethinking/pure-bilibili-rethinking/ios/Paladala/Paladala/BilibiliAPIClient.swift:1365:42: error: cannot find type 'PlayURLPayload' in scope
                let payload: APIResponse<PlayURLPayload> = try await get(
                                         ^~~~~~~~~~~~~~
/Users/runner/work/pure-bilibili-rethinking/pure-bilibili-rethinking/ios/Paladala/Paladala/BilibiliAPIClient.swift:1402:34: error: cannot find type 'LiveRoomPayload' in scope
        let payload: APIResponse<LiveRoomPayload> = try await get(
                                 ^~~~~~~~~~~~~~~
/Users/runner/work/pure-bilibili-rethinking/pure-bilibili-rethinking/ios/Paladala/Paladala/BilibiliAPIClient.swift:1414:40: error: cannot infer key path type from context; consider explicitly specifying a root type
        return payload.value?.list.map(\.model) ?? []
                                       ^
                                        <#Root#>
/Users/runner/work/pure-bilibili-rethinking/pure-bilibili-rethinking/ios/Paladala/Paladala/BilibiliAPIClient.swift:1436:34: error: cannot find type 'LivePlayInfoPayload' in scope
        let payload: APIResponse<LivePlayInfoPayload> = try await get(
                                 ^~~~~~~~~~~~~~~~~~~
/Users/runner/work/pure-bilibili-rethinking/pure-bilibili-rethinking/ios/Paladala/Paladala/BilibiliAPIClient.swift:1544:34: error: cannot find type 'DynamicFeedPayload' in scope
        let payload: APIResponse<DynamicFeedPayload> = try await get(
                                 ^~~~~~~~~~~~~~~~~~
/Users/runner/work/pure-bilibili-rethinking/pure-bilibili-rethinking/ios/Paladala/Paladala/BilibiliAPIClient.swift:1560:43: error: cannot infer key path type from context; consider explicitly specifying a root type
            items: data?.items.compactMap(\.post).filter { !$0.id.isEmpty } ?? [],
                                          ^
                                           <#Root#>
/Users/runner/work/pure-bilibili-rethinking/pure-bilibili-rethinking/ios/Paladala/Paladala/BilibiliAPIClient.swift:1594:34: error: cannot find type 'DynamicFeedPayload' in scope
        let payload: APIResponse<DynamicFeedPayload> = try await get(
                                 ^~~~~~~~~~~~~~~~~~
/Users/runner/work/pure-bilibili-rethinking/pure-bilibili-rethinking/ios/Paladala/Paladala/BilibiliAPIClient.swift:1608:44: error: cannot infer key path type from context; consider explicitly specifying a root type
        var items = data?.items.compactMap(\.post).filter { !$0.id.isEmpty } ?? []
                                           ^
                                            <#Root#>
/Users/runner/work/pure-bilibili-rethinking/pure-bilibili-rethinking/ios/Paladala/Paladala/BilibiliAPIClient.swift:1669:34: error: cannot find type 'HistoryPayload' in scope
        let payload: APIResponse<HistoryPayload> = try await get(
                                 ^~~~~~~~~~~~~~
/Users/runner/work/pure-bilibili-rethinking/pure-bilibili-rethinking/ios/Paladala/Paladala/BilibiliAPIClient.swift:1683:34: error: cannot find type 'WatchLaterPayload' in scope
        let payload: APIResponse<WatchLaterPayload> = try await get(
                                 ^~~~~~~~~~~~~~~~~
/Users/runner/work/pure-bilibili-rethinking/pure-bilibili-rethinking/ios/Paladala/Paladala/BilibiliAPIClient.swift:1693:34: error: cannot find type 'FavoriteFoldersPayload' in scope
        let payload: APIResponse<FavoriteFoldersPayload> = try await get(
                                 ^~~~~~~~~~~~~~~~~~~~~~
/Users/runner/work/pure-bilibili-rethinking/pure-bilibili-rethinking/ios/Paladala/Paladala/BilibiliAPIClient.swift:1724:38: error: cannot find type 'FollowingsPayload' in scope
            let payload: APIResponse<FollowingsPayload> = try await get(
                                     ^~~~~~~~~~~~~~~~~
/Users/runner/work/pure-bilibili-rethinking/pure-bilibili-rethinking/ios/Paladala/Paladala/BilibiliAPIClient.swift:1758:34: error: cannot find type 'FavoriteResourcesPayload' in scope
        let payload: APIResponse<FavoriteResourcesPayload> = try await get(
                                 ^~~~~~~~~~~~~~~~~~~~~~~~
/Users/runner/work/pure-bilibili-rethinking/pure-bilibili-rethinking/ios/Paladala/Paladala/BilibiliAPIClient.swift:1780:34: error: cannot find type 'RelationStatPayload' in scope
        let payload: APIResponse<RelationStatPayload> = try await get(
                                 ^~~~~~~~~~~~~~~~~~~
/Users/runner/work/pure-bilibili-rethinking/pure-bilibili-rethinking/ios/Paladala/Paladala/BilibiliAPIClient.swift:1802:38: error: cannot find type 'SpaceNavNumPayload' in scope
            let payload: APIResponse<SpaceNavNumPayload> = try await get(
                                     ^~~~~~~~~~~~~~~~~~
/Users/runner/work/pure-bilibili-rethinking/pure-bilibili-rethinking/ios/Paladala/Paladala/BilibiliAPIClient.swift:1833:75: error: extra arguments at positions #1, #2 in call
        let card = payload.value?.toBiliUserCard(mid: mid) ?? BiliUserCard(mid: mid, name: "Unknown")
                                                                          ^
/Users/runner/work/pure-bilibili-rethinking/pure-bilibili-rethinking/ios/Paladala/Paladala/Models.swift:194:5: note: 'init(from:)' declared here
    init(from decoder: Decoder) throws {
    ^
/Users/runner/work/pure-bilibili-rethinking/pure-bilibili-rethinking/ios/Paladala/Paladala/BilibiliAPIClient.swift:1833:76: error: missing argument for parameter 'from' in call
        let card = payload.value?.toBiliUserCard(mid: mid) ?? BiliUserCard(mid: mid, name: "Unknown")
                                                                           ^
                                                                           from: <#any Decoder#>, 
/Users/runner/work/pure-bilibili-rethinking/pure-bilibili-rethinking/ios/Paladala/Paladala/Models.swift:194:5: note: 'init(from:)' declared here
    init(from decoder: Decoder) throws {
    ^
/Users/runner/work/pure-bilibili-rethinking/pure-bilibili-rethinking/ios/Paladala/Paladala/BilibiliAPIClient.swift:1847:34: error: cannot find type 'RelationAttributePayload' in scope
        let payload: APIResponse<RelationAttributePayload> = try await get(
                                 ^~~~~~~~~~~~~~~~~~~~~~~~
/Users/runner/work/pure-bilibili-rethinking/pure-bilibili-rethinking/ios/Paladala/Paladala/BilibiliAPIClient.swift:1870:34: error: cannot find type 'ModifyRelationPayload' in scope
        let payload: APIResponse<ModifyRelationPayload> = try await post(
                                 ^~~~~~~~~~~~~~~~~~~~~
/Users/runner/work/pure-bilibili-rethinking/pure-bilibili-rethinking/ios/Paladala/Paladala/BilibiliAPIClient.swift:1890:34: error: cannot find type 'UserVideosPayload' in scope
        let payload: APIResponse<UserVideosPayload> = try await get(
                                 ^~~~~~~~~~~~~~~~~
/Users/runner/work/pure-bilibili-rethinking/pure-bilibili-rethinking/ios/Paladala/Paladala/BilibiliAPIClient.swift:1902:47: error: cannot infer key path type from context; consider explicitly specifying a root type
        let videos = payload.value?.vlist.map(\.model) ?? []
                                              ^
                                               <#Root#>
/Users/runner/work/pure-bilibili-rethinking/pure-bilibili-rethinking/ios/Paladala/Paladala/BilibiliAPIClient.swift:1955:34: error: cannot find type 'DynamicFeedPayload' in scope
        let payload: APIResponse<DynamicFeedPayload> = try await get(
                                 ^~~~~~~~~~~~~~~~~~
/Users/runner/work/pure-bilibili-rethinking/pure-bilibili-rethinking/ios/Paladala/Paladala/BilibiliAPIClient.swift:1972:53: error: cannot infer key path type from context; consider explicitly specifying a root type
        let posts = payload.value?.items.compactMap(\.post) ?? []
                                                    ^
                                                     <#Root#>
/Users/runner/work/pure-bilibili-rethinking/pure-bilibili-rethinking/ios/Paladala/Paladala/BilibiliAPIClient.swift:1996:34: error: cannot find type 'UserFavoriteFoldersPayload' in scope
        let payload: APIResponse<UserFavoriteFoldersPayload> = try await get(
                                 ^~~~~~~~~~~~~~~~~~~~~~~~~~
/Users/runner/work/pure-bilibili-rethinking/pure-bilibili-rethinking/ios/Paladala/Paladala/BilibiliAPIClient.swift:2008:43: error: cannot infer key path type from context; consider explicitly specifying a root type
        return payload.value?.folders.map(\.model) ?? []
                                          ^
                                           <#Root#>
/Users/runner/work/pure-bilibili-rethinking/pure-bilibili-rethinking/ios/Paladala/Paladala/BilibiliAPIClient.swift:2037:34: error: cannot find type 'CommentPayload' in scope
        let payload: APIResponse<CommentPayload> = try await get(
                                 ^~~~~~~~~~~~~~
/Users/runner/work/pure-bilibili-rethinking/pure-bilibili-rethinking/ios/Paladala/Paladala/BilibiliAPIClient.swift:2049:58: error: cannot infer key path type from context; consider explicitly specifying a root type
        let pinned = payload.value?.upperTop?.values.map(\.model) ?? []
                                                         ^
                                                          <#Root#>
/Users/runner/work/pure-bilibili-rethinking/pure-bilibili-rethinking/ios/Paladala/Paladala/BilibiliAPIClient.swift:2050:65: error: cannot infer key path type from context; consider explicitly specifying a root type
        let legacyPinned = payload.value?.topReplies?.items.map(\.model) ?? []
                                                                ^
                                                                 <#Root#>
/Users/runner/work/pure-bilibili-rethinking/pure-bilibili-rethinking/ios/Paladala/Paladala/BilibiliAPIClient.swift:2051:57: error: cannot infer key path type from context; consider explicitly specifying a root type
        let regular = payload.value?.replies?.items.map(\.model) ?? []
                                                        ^
                                                         <#Root#>
/Users/runner/work/pure-bilibili-rethinking/pure-bilibili-rethinking/ios/Paladala/Paladala/BilibiliAPIClient.swift:2068:34: error: cannot find type 'CommentPayload' in scope
        let payload: APIResponse<CommentPayload> = try await get(
                                 ^~~~~~~~~~~~~~
/Users/runner/work/pure-bilibili-rethinking/pure-bilibili-rethinking/ios/Paladala/Paladala/BilibiliAPIClient.swift:2080:55: error: cannot infer key path type from context; consider explicitly specifying a root type
        let items = payload.value?.replies?.items.map(\.model) ?? []
                                                      ^
                                                       <#Root#>
/Users/runner/work/pure-bilibili-rethinking/pure-bilibili-rethinking/ios/Paladala/Paladala/BilibiliAPIClient.swift:2911:56: error: cannot find 'DynamicKey' in scope
        let container = try decoder.container(keyedBy: DynamicKey.self)
                                                       ^~~~~~~~~~
/Users/runner/work/pure-bilibili-rethinking/pure-bilibili-rethinking/ios/Paladala/Paladala/BilibiliAPIClient.swift:2911:37: error: generic parameter 'Key' could not be inferred
        let container = try decoder.container(keyedBy: DynamicKey.self)
                                    ^
Swift.Decoder.container:2:6: note: in call to function 'container(keyedBy:)'
func container<Key>(keyedBy type: Key.Type) throws -> KeyedDecodingContainer<Key> where Key : CodingKey}
     ^
/Users/runner/work/pure-bilibili-rethinking/pure-bilibili-rethinking/ios/Paladala/Paladala/BilibiliAPIClient.swift:2924:50: error: cannot find 'FailableDecodable' in scope
        if let lenient = try? container?.decode([FailableDecodable<VideoDTO>].self) {
                                                 ^~~~~~~~~~~~~~~~~
/Users/runner/work/pure-bilibili-rethinking/pure-bilibili-rethinking/ios/Paladala/Paladala/BilibiliAPIClient.swift:2924:42: error: failed to produce diagnostic for expression; please submit a bug report (https://swift.org/contributing/#reporting-bugs)
        if let lenient = try? container?.decode([FailableDecodable<VideoDTO>].self) {
                                         ^

Failed frontend command:
/Applications/Xcode_16.4.app/Contents/Developer/Toolchains/XcodeDefault.xctoolchain/usr/bin/swift-frontend -frontend -c /Users/runner/work/pure-bilibili-rethinking/pure-bilibili-rethinking/ios/Paladala/Paladala/PaladalaApp.swift /Users/runner/work/pure-bilibili-rethinking/pure-bilibili-rethinking/ios/Paladala/Paladala/AppRouter.swift /Users/runner/work/pure-bilibili-rethinking/pure-bilibili-rethinking/ios/Paladala/Paladala/Models.swift /Users/runner/work/pure-bilibili-rethinking/pure-bilibili-rethinking/ios/Paladala/Paladala/PaladalaTheme.swift /Users/runner/work/pure-bilibili-rethinking/pure-bilibili-rethinking/ios/Paladala/Paladala/BilibiliAPIClient.swift /Users/runner/work/pure-bilibili-rethinking/pure-bilibili-rethinking/ios/Paladala/Paladala/PaladalaRepository.swift /Users/runner/work/pure-bilibili-rethinking/pure-bilibili-rethinking/ios/Paladala/Paladala/ViewModels.swift /Users/runner/work/pure-bilibili-rethinking/pure-bilibili-rethinking/ios/Paladala/Paladala/RootView.swift /Users/runner/work/pure-bilibili-rethinking/pure-bilibili-rethinking/ios/Paladala/Paladala/HomeView.swift /Users/runner/work/pure-bilibili-rethinking/pure-bilibili-rethinking/ios/Paladala/Paladala/UISearchFieldBridge.swift /Users/runner/work/pure-bilibili-rethinking/pure-bilibili-rethinking/ios/Paladala/Paladala/BangumiHomeView.swift /Users/runner/work/pure-bilibili-rethinking/pure-bilibili-rethinking/ios/Paladala/Paladala/VideoDetailView.swift /Users/runner/work/pure-bilibili-rethinking/pure-bilibili-rethinking/ios/Paladala/Paladala/DynamicFeedView.swift /Users/runner/work/pure-bilibili-rethinking/pure-bilibili-rethinking/ios/Paladala/Paladala/LiveRoomsView.swift /Users/runner/work/pure-bilibili-rethinking/pure-bilibili-rethinking/ios/Paladala/Paladala/CDNManager.swift /Users/runner/work/pure-bilibili-rethinking/pure-bilibili-rethinking/ios/Paladala/Paladala/CDNSettingsView.swift /Users/runner/work/pure-bilibili-rethinking/pure-bilibili-rethinking/ios/Paladala/Paladala/ProfileSettingsView.swift /Users/runner/work/pure-bilibili-rethinking/pure-bilibili-rethinking/ios/Paladala/Paladala/SharedViews.swift /Users/runner/work/pure-bilibili-rethinking/pure-bilibili-rethinking/ios/Paladala/Paladala/PaladalaAppIntents.swift /Users/runner/work/pure-bilibili-rethinking/pure-bilibili-rethinking/ios/Paladala/Paladala/PlayerView.swift /Users/runner/work/pure-bilibili-rethinking/pure-bilibili-rethinking/ios/Paladala/Paladala/DesignModifier.swift /Users/runner/work/pure-bilibili-rethinking/pure-bilibili-rethinking/ios/Paladala/Paladala/BundledFeedService.swift /Users/runner/work/pure-bilibili-rethinking/pure-bilibili-rethinking/ios/Paladala/Paladala/Auth/StoredAccount.swift /Users/runner/work/pure-bilibili-rethinking/pure-bilibili-rethinking/ios/Paladala/Paladala/Auth/KeychainStore.swift /Users/runner/work/pure-bilibili-rethinking/pure-bilibili-rethinking/ios/Paladala/Paladala/Auth/AccountSessionStore.swift /Users/runner/work/pure-bilibili-rethinking/pure-bilibili-rethinking/ios/Paladala/Paladala/Auth/AuthStore.swift /Users/runner/work/pure-bilibili-rethinking/pure-bilibili-rethinking/ios/Paladala/Paladala/Auth/BilibiliAuthAPI.swift /Users/runner/work/pure-bilibili-rethinking/pure-bilibili-rethinking/ios/Paladala/Paladala/Login/LoginViewModel.swift /Users/runner/work/pure-bilibili-rethinking/pure-bilibili-rethinking/ios/Paladala/Paladala/Login/LoginSheet.swift /Users/runner/work/pure-bilibili-rethinking/pure-bilibili-rethinking/ios/Paladala/Paladala/AccountContentViews.swift /Users/runner/work/pure-bilibili-rethinking/pure-bilibili-rethinking/ios/Paladala/Paladala/ReplyListView.swift /Users/runner/work/pure-bilibili-rethinking/pure-bilibili-rethinking/ios/Paladala/Paladala/DiagnosticLogger.swift /Users/runner/work/pure-bilibili-rethinking/pure-bilibili-rethinking/ios/Paladala/Paladala/LogViewerView.swift /Users/runner/work/pure-bilibili-rethinking/pure-bilibili-rethinking/ios/Paladala/Paladala/DeviceInfo.swift /Users/runner/work/pure-bilibili-rethinking/pure-bilibili-rethinking/ios/Paladala/Paladala/Haptics.swift /Users/runner/work/pure-bilibili-rethinking/pure-bilibili-rethinking/ios/Paladala/Paladala/OnboardingView.swift /Users/runner/work/pure-bilibili-rethinking/pure-bilibili-rethinking/ios/Paladala/Paladala/NetworkMonitor.swift /Users/runner/work/pure-bilibili-rethinking/pure-bilibili-rethinking/ios/Paladala/Paladala/MiniPlayerStore.swift /Users/runner/work/pure-bilibili-rethinking/pure-bilibili-rethinking/ios/Paladala/Paladala/MiniPlayerOverlay.swift /Users/runner/work/pure-bilibili-rethinking/pure-bilibili-rethinking/ios/Paladala/Paladala/Localizable.swift /Users/runner/work/pure-bilibili-rethinking/pure-bilibili-rethinking/ios/Paladala/Paladala/Music/Models/LyricTypes.swift /Users/runner/work/pure-bilibili-rethinking/pure-bilibili-rethinking/ios/Paladala/Paladala/Music/Parsers/BiliLyricParser.swift /Users/runner/work/pure-bilibili-rethinking/pure-bilibili-rethinking/ios/Paladala/Paladala/Music/ViewModels/MusicViewModel.swift /Users/runner/work/pure-bilibili-rethinking/pure-bilibili-rethinking/ios/Paladala/Paladala/Music/Views/MusicHomeView.swift /Users/runner/work/pure-bilibili-rethinking/pure-bilibili-rethinking/ios/Paladala/Paladala/Music/Views/MusicPlayerView.swift /Users/runner/work/pure-bilibili-rethinking/pure-bilibili-rethinking/ios/Paladala/Paladala/Music/Views/Components/MusicCard.swift /Users/runner/work/pure-bilibili-rethinking/pure-bilibili-rethinking/ios/Paladala/Paladala/Music/Views/Components/LyricScrollView.swift /Users/runner/work/pure-bilibili-rethinking/pure-bilibili-rethinking/ios/Paladala/Paladala/Music/Views/Components/MusicProgressBar.swift /Users/runner/work/pure-bilibili-rethinking/pure-bilibili-rethinking/ios/Paladala/Paladala/AVPlayerController.swift /Users/runner/work/pure-bilibili-rethinking/pure-bilibili-rethinking/ios/Paladala/Paladala/LocalHLSProxyServer.swift /Users/runner/work/pure-bilibili-rethinking/pure-bilibili-rethinking/ios/Paladala/Paladala/WatchSession.swift /Users/runner/work/pure-bilibili-rethinking/pure-bilibili-rethinking/ios/Paladala/Paladala/ICloudSync.swift /Users/runner/work/pure-bilibili-rethinking/pure-bilibili-rethinking/ios/Paladala/Paladala/LiveActivityCoordinator.swift /Users/runner/work/pure-bilibili-rethinking/pure-bilibili-rethinking/ios/Paladala/Paladala/FollowNotificationService.swift /Users/runner/work/pure-bilibili-rethinking/pure-bilibili-rethinking/ios/Paladala/Paladala/Shared/LiveRoomActivityAttributes.swift /Users/runner/work/pure-bilibili-rethinking/pure-bilibili-rethinking/ios/Paladala/Paladala/DownloadManager.swift /Users/runner/work/pure-bilibili-rethinking/pure-bilibili-rethinking/ios/Paladala/Paladala/DownloadStore.swift /Users/runner/work/pure-bilibili-rethinking/pure-bilibili-rethinking/ios/Paladala/Paladala/PlayProgressStore.swift /Users/runner/work/pure-bilibili-rethinking/pure-bilibili-rethinking/ios/Paladala/Paladala/MP4Fragment.swift /Users/runner/work/pure-bilibili-rethinking/pure-bilibili-rethinking/ios/Paladala/Paladala/PaladalaAppDelegate.swift /Users/runner/work/pure-bilibili-rethinking/pure-bilibili-rethinking/ios/Paladala/Paladala/DownloadedVideosView.swift /Users/runner/work/pure-bilibili-rethinking/pure-bilibili-rethinking/ios/Paladala/Paladala/DeepDiagnosticReportView.swift /Users/runner/work/pure-bilibili-rethinking/pure-bilibili-rethinking/ios/Paladala/Paladala/InlineAVPlayerView.swift /Users/runner/work/pure-bilibili-rethinking/pure-bilibili-rethinking/ios/Paladala/Paladala/Analytics.swift /Users/runner/work/pure-bilibili-rethinking/pure-bilibili-rethinking/ios/Paladala/Paladala/LaunchMetrics.swift /Users/runner/work/pure-bilibili-rethinking/pure-bilibili-rethinking/ios/Paladala/Paladala/UPProfileView.swift /Users/runner/work/pure-bilibili-rethinking/pure-bilibili-rethinking/ios/Paladala/Paladala/AppVersion.swift /Users/runner/work/pure-bilibili-rethinking/pure-bilibili-rethinking/ios/Paladala/Paladala/AboutView.swift /Users/runner/work/pure-bilibili-rethinking/pure-bilibili-rethinking/ios/Paladala/Paladala/UpdateManager.swift /Users/runner/work/pure-bilibili-rethinking/pure-bilibili-rethinking/ios/Paladala/Paladala/ShortcutManager.swift /Users/runner/work/pure-bilibili-rethinking/pure-bilibili-rethinking/ios/Paladala/Paladala/SponsorBlockModels.swift /Users/runner/work/pure-bilibili-rethinking/pure-bilibili-rethinking/ios/Paladala/Paladala/SponsorBlockService.swift /Users/runner/work/pure-bilibili-rethinking/pure-bilibili-rethinking/ios/Paladala/Paladala/SponsorBlockManager.swift /Users/runner/work/pure-bilibili-rethinking/pure-bilibili-rethinking/ios/Paladala/Paladala/SponsorBlockSettingsView.swift /Users/runner/work/pure-bilibili-rethinking/pure-bilibili-rethinking/ios/Paladala/Paladala/FeedCacheWarmer.swift /Users/runner/work/pure-bilibili-rethinking/pure-bilibili-rethinking/ios/Paladala/Paladala/LazyTab.swift /Users/runner/work/pure-bilibili-rethinking/pure-bilibili-rethinking/ios/Paladala/Paladala/LoadState.swift /Users/runner/work/pure-bilibili-rethinking/pure-bilibili-rethinking/ios/Paladala/Paladala/AppErrorCenter.swift /Users/runner/work/pure-bilibili-rethinking/pure-bilibili-rethinking/ios/Paladala/Paladala/GenerationGuard.swift /Users/runner/work/pure-bilibili-rethinking/pure-bilibili-rethinking/ios/Paladala/Paladala/SleepTimer.swift /Users/runner/work/pure-bilibili-rethinking/pure-bilibili-rethinking/ios/Paladala/Paladala/SleepTimerHUDView.swift /Users/runner/work/pure-bilibili-rethinking/pure-bilibili-rethinking/ios/Paladala/Paladala/PluginModels.swift /Users/runner/work/pure-bilibili-rethinking/pure-bilibili-rethinking/ios/Paladala/Paladala/PluginManager.swift /Users/runner/work/pure-bilibili-rethinking/pure-bilibili-rethinking/ios/Paladala/Paladala/PluginsSettingsView.swift /Users/runner/work/pure-bilibili-rethinking/pure-bilibili-rethinking/build/ios-derived-data/Build/Intermediates.noindex/Paladala.build/Release-iphoneos/Paladala.build/DerivedSources/GeneratedAssetSymbols.swift -supplementary-output-file-map /Users/runner/work/pure-bilibili-rethinking/pure-bilibili-rethinking/build/ios-derived-data/Build/Intermediates.noindex/Paladala.build/Release-iphoneos/Paladala.build/Objects-normal/arm64/supplementaryOutputs-2 -emit-localized-strings -emit-localized-strings-path /Users/runner/work/pure-bilibili-rethinking/pure-bilibili-rethinking/build/ios-derived-data/Build/Intermediates.noindex/Paladala.build/Release-iphoneos/Paladala.build/Objects-normal/arm64 -target arm64-apple-ios18.0 -Xllvm -aarch64-use-tbi -enable-objc-interop -stack-check -sdk /Applications/Xcode_16.4.app/Contents/Developer/Platforms/iPhoneOS.platform/Developer/SDKs/iPhoneOS18.5.sdk -I /Users/runner/work/pure-bilibili-rethinking/pure-bilibili-rethinking/build/ios-derived-data/Build/Products/Release-iphoneos -F /Users/runner/work/pure-bilibili-rethinking/pure-bilibili-rethinking/build/ios-derived-data/Build/Products/Release-iphoneos -no-color-diagnostics -g -debug-info-format\=dwarf -dwarf-version\=5 -module-cache-path /Users/runner/work/pure-bilibili-rethinking/pure-bilibili-rethinking/build/ios-derived-data/ModuleCache.noindex -swift-version 6 -enforce-exclusivity\=checked -O -serialize-debugging-options -const-gather-protocols-file /Users/runner/work/pure-bilibili-rethinking/pure-bilibili-rethinking/build/ios-derived-data/Build/Intermediates.noindex/Paladala.build/Release-iphoneos/Paladala.build/Objects-normal/arm64/Paladala_const_extract_protocols.json -enable-experimental-feature DebugDescriptionMacro -empty-abi-descriptor -validate-clang-modules-once -clang-build-session-file /Users/runner/work/pure-bilibili-rethinking/pure-bilibili-rethinking/build/ios-derived-data/ModuleCache.noindex/Session.modulevalidation -Xcc -working-directory -Xcc /Users/runner/work/pure-bilibili-rethinking/pure-bilibili-rethinking/ios/Paladala -resource-dir /Applications/Xcode_16.4.app/Contents/Developer/Toolchains/XcodeDefault.xctoolchain/usr/lib/swift -file-compilation-dir /Users/runner/work/pure-bilibili-rethinking/pure-bilibili-rethinking/ios/Paladala -Xcc -ivfsstatcache -Xcc /Users/runner/work/pure-bilibili-rethinking/pure-bilibili-rethinking/build/ios-derived-data/SDKStatCaches.noindex/iphoneos18.5-22F76-a529daf784b3616c7c04a36aeb7f5c05.sdkstatcache -Xcc -I/Users/runner/work/pure-bilibili-rethinking/pure-bilibili-rethinking/build/ios-derived-data/Build/Intermediates.noindex/Paladala.build/Release-iphoneos/Paladala.build/swift-overrides.hmap -Xcc -iquote -Xcc /Users/runner/work/pure-bilibili-rethinking/pure-bilibili-rethinking/build/ios-derived-data/Build/Intermediates.noindex/Paladala.build/Release-iphoneos/Paladala.build/Paladala-generated-files.hmap -Xcc -I/Users/runner/work/pure-bilibili-rethinking/pure-bilibili-rethinking/build/ios-derived-data/Build/Intermediates.noindex/Paladala.build/Release-iphoneos/Paladala.build/Paladala-own-target-headers.hmap -Xcc -I/Users/runner/work/pure-bilibili-rethinking/pure-bilibili-rethinking/build/ios-derived-data/Build/Intermediates.noindex/Paladala.build/Release-iphoneos/Paladala.build/Paladala-all-target-headers.hmap -Xcc -iquote -Xcc /Users/runner/work/pure-bilibili-rethinking/pure-bilibili-rethinking/build/ios-derived-data/Build/Intermediates.noindex/Paladala.build/Release-iphoneos/Paladala.build/Paladala-project-headers.hmap -Xcc -I/Users/runner/work/pure-bilibili-rethinking/pure-bilibili-rethinking/build/ios-derived-data/Build/Products/Release-iphoneos/include -Xcc -I/Users/runner/work/_temp/ffmpeg-build/arm64/include -Xcc -I/Users/runner/work/pure-bilibili-rethinking/pure-bilibili-rethinking/build/ios-derived-data/Build/Intermediates.noindex/Paladala.build/Release-iphoneos/Paladala.build/DerivedSources-normal/arm64 -Xcc -I/Users/runner/work/pure-bilibili-rethinking/pure-bilibili-rethinking/build/ios-derived-data/Build/Intermediates.noindex/Paladala.build/Release-iphoneos/Paladala.build/DerivedSources/arm64 -Xcc -I/Users/runner/work/pure-bilibili-rethinking/pure-bilibili-rethinking/build/ios-derived-data/Build/Intermediates.noindex/Paladala.build/Release-iphoneos/Paladala.build/DerivedSources -import-objc-header /Users/runner/work/pure-bilibili-rethinking/pure-bilibili-rethinking/ios/Paladala/Paladala/Paladala-Bridging-Header.h -pch-output-dir /Users/runner/work/pure-bilibili-rethinking/pure-bilibili-rethinking/build/ios-derived-data/Build/Intermediates.noindex/PrecompiledHeaders -module-name Paladala -frontend-parseable-output -disable-clang-spi -target-sdk-version 18.5 -target-sdk-name iphoneos18.5 -external-plugin-path /Applications/Xcode_16.4.app/Contents/Developer/Platforms/iPhoneOS.platform/Developer/usr/lib/swift/host/plugins\#/Applications/Xcode_16.4.app/Contents/Developer/Platforms/iPhoneOS.platform/Developer/usr/bin/swift-plugin-server -external-plugin-path /Applications/Xcode_16.4.app/Contents/Developer/Platforms/iPhoneOS.platform/Developer/usr/local/lib/swift/host/plugins\#/Applications/Xcode_16.4.app/Contents/Developer/Platforms/iPhoneOS.platform/Developer/usr/bin/swift-plugin-server -in-process-plugin-server-path /Applications/Xcode_16.4.app/Contents/Developer/Toolchains/XcodeDefault.xctoolchain/usr/lib/swift/host/libSwiftInProcPluginServer.dylib -plugin-path /Applications/Xcode_16.4.app/Contents/Developer/Toolchains/XcodeDefault.xctoolchain/usr/lib/swift/host/plugins -plugin-path /Applications/Xcode_16.4.app/Contents/Developer/Toolchains/XcodeDefault.xctoolchain/usr/local/lib/swift/host/plugins -enable-default-cmo -num-threads 3 -o /Users/runner/work/pure-bilibili-rethinking/pure-bilibili-rethinking/build/ios-derived-data/Build/Intermediates.noindex/Paladala.build/Release-iphoneos/Paladala.build/Objects-normal/arm64/PaladalaApp.o -o /Users/runner/work/pure-bilibili-rethinking/pure-bilibili-rethinking/build/ios-derived-data/Build/Intermediates.noindex/Paladala.build/Release-iphoneos/Paladala.build/Objects-normal/arm64/AppRouter.o -o /Users/runner/work/pure-bilibili-rethinking/pure-bilibili-rethinking/build/ios-derived-data/Build/Intermediates.noindex/Paladala.build/Release-iphoneos/Paladala.build/Objects-normal/arm64/Models.o -o /Users/runner/work/pure-bilibili-rethinking/pure-bilibili-rethinking/build/ios-derived-data/Build/Intermediates.noindex/Paladala.build/Release-iphoneos/Paladala.build/Objects-normal/arm64/PaladalaTheme.o -o /Users/runner/work/pure-bilibili-rethinking/pure-bilibili-rethinking/build/ios-derived-data/Build/Intermediates.noindex/Paladala.build/Release-iphoneos/Paladala.build/Objects-normal/arm64/BilibiliAPIClient.o -o /Users/runner/work/pure-bilibili-rethinking/pure-bilibili-rethinking/build/ios-derived-data/Build/Intermediates.noindex/Paladala.build/Release-iphoneos/Paladala.build/Objects-normal/arm64/PaladalaRepository.o -o /Users/runner/work/pure-bilibili-rethinking/pure-bilibili-rethinking/build/ios-derived-data/Build/Intermediates.noindex/Paladala.build/Release-iphoneos/Paladala.build/Objects-normal/arm64/ViewModels.o -o /Users/runner/work/pure-bilibili-rethinking/pure-bilibili-rethinking/build/ios-derived-data/Build/Intermediates.noindex/Paladala.build/Release-iphoneos/Paladala.build/Objects-normal/arm64/RootView.o -o /Users/runner/work/pure-bilibili-rethinking/pure-bilibili-rethinking/build/ios-derived-data/Build/Intermediates.noindex/Paladala.build/Release-iphoneos/Paladala.build/Objects-normal/arm64/HomeView.o -o /Users/runner/work/pure-bilibili-rethinking/pure-bilibili-rethinking/build/ios-derived-data/Build/Intermediates.noindex/Paladala.build/Release-iphoneos/Paladala.build/Objects-normal/arm64/UISearchFieldBridge.o -o /Users/runner/work/pure-bilibili-rethinking/pure-bilibili-rethinking/build/ios-derived-data/Build/Intermediates.noindex/Paladala.build/Release-iphoneos/Paladala.build/Objects-normal/arm64/BangumiHomeView.o -o /Users/runner/work/pure-bilibili-rethinking/pure-bilibili-rethinking/build/ios-derived-data/Build/Intermediates.noindex/Paladala.build/Release-iphoneos/Paladala.build/Objects-normal/arm64/VideoDetailView.o -o /Users/runner/work/pure-bilibili-rethinking/pure-bilibili-rethinking/build/ios-derived-data/Build/Intermediates.noindex/Paladala.build/Release-iphoneos/Paladala.build/Objects-normal/arm64/DynamicFeedView.o -o /Users/runner/work/pure-bilibili-rethinking/pure-bilibili-rethinking/build/ios-derived-data/Build/Intermediates.noindex/Paladala.build/Release-iphoneos/Paladala.build/Objects-normal/arm64/LiveRoomsView.o -o /Users/runner/work/pure-bilibili-rethinking/pure-bilibili-rethinking/build/ios-derived-data/Build/Intermediates.noindex/Paladala.build/Release-iphoneos/Paladala.build/Objects-normal/arm64/CDNManager.o -o /Users/runner/work/pure-bilibili-rethinking/pure-bilibili-rethinking/build/ios-derived-data/Build/Intermediates.noindex/Paladala.build/Release-iphoneos/Paladala.build/Objects-normal/arm64/CDNSettingsView.o -o /Users/runner/work/pure-bilibili-rethinking/pure-bilibili-rethinking/build/ios-derived-data/Build/Intermediates.noindex/Paladala.build/Release-iphoneos/Paladala.build/Objects-normal/arm64/ProfileSettingsView.o -o /Users/runner/work/pure-bilibili-rethinking/pure-bilibili-rethinking/build/ios-derived-data/Build/Intermediates.noindex/Paladala.build/Release-iphoneos/Paladala.build/Objects-normal/arm64/SharedViews.o -o /Users/runner/work/pure-bilibili-rethinking/pure-bilibili-rethinking/build/ios-derived-data/Build/Intermediates.noindex/Paladala.build/Release-iphoneos/Paladala.build/Objects-normal/arm64/PaladalaAppIntents.o -o /Users/runner/work/pure-bilibili-rethinking/pure-bilibili-rethinking/build/ios-derived-data/Build/Intermediates.noindex/Paladala.build/Release-iphoneos/Paladala.build/Objects-normal/arm64/PlayerView.o -o /Users/runner/work/pure-bilibili-rethinking/pure-bilibili-rethinking/build/ios-derived-data/Build/Intermediates.noindex/Paladala.build/Release-iphoneos/Paladala.build/Objects-normal/arm64/DesignModifier.o -o /Users/runner/work/pure-bilibili-rethinking/pure-bilibili-rethinking/build/ios-derived-data/Build/Intermediates.noindex/Paladala.build/Release-iphoneos/Paladala.build/Objects-normal/arm64/BundledFeedService.o -o /Users/runner/work/pure-bilibili-rethinking/pure-bilibili-rethinking/build/ios-derived-data/Build/Intermediates.noindex/Paladala.build/Release-iphoneos/Paladala.build/Objects-normal/arm64/StoredAccount.o -o /Users/runner/work/pure-bilibili-rethinking/pure-bilibili-rethinking/build/ios-derived-data/Build/Intermediates.noindex/Paladala.build/Release-iphoneos/Paladala.build/Objects-normal/arm64/KeychainStore.o -o /Users/runner/work/pure-bilibili-rethinking/pure-bilibili-rethinking/build/ios-derived-data/Build/Intermediates.noindex/Paladala.build/Release-iphoneos/Paladala.build/Objects-normal/arm64/AccountSessionStore.o -o /Users/runner/work/pure-bilibili-rethinking/pure-bilibili-rethinking/build/ios-derived-data/Build/Intermediates.noindex/Paladala.build/Release-iphoneos/Paladala.build/Objects-normal/arm64/AuthStore.o -o /Users/runner/work/pure-bilibili-rethinking/pure-bilibili-rethinking/build/ios-derived-data/Build/Intermediates.noindex/Paladala.build/Release-iphoneos/Paladala.build/Objects-normal/arm64/BilibiliAuthAPI.o -o /Users/runner/work/pure-bilibili-rethinking/pure-bilibili-rethinking/build/ios-derived-data/Build/Intermediates.noindex/Paladala.build/Release-iphoneos/Paladala.build/Objects-normal/arm64/LoginViewModel.o -o /Users/runner/work/pure-bilibili-rethinking/pure-bilibili-rethinking/build/ios-derived-data/Build/Intermediates.noindex/Paladala.build/Release-iphoneos/Paladala.build/Objects-normal/arm64/LoginSheet.o -o /Users/runner/work/pure-bilibili-rethinking/pure-bilibili-rethinking/build/ios-derived-data/Build/Intermediates.noindex/Paladala.build/Release-iphoneos/Paladala.build/Objects-normal/arm64/AccountContentViews.o -o /Users/runner/work/pure-bilibili-rethinking/pure-bilibili-rethinking/build/ios-derived-data/Build/Intermediates.noindex/Paladala.build/Release-iphoneos/Paladala.build/Objects-normal/arm64/ReplyListView.o -o /Users/runner/work/pure-bilibili-rethinking/pure-bilibili-rethinking/build/ios-derived-data/Build/Intermediates.noindex/Paladala.build/Release-iphoneos/Paladala.build/Objects-normal/arm64/DiagnosticLogger.o -o /Users/runner/work/pure-bilibili-rethinking/pure-bilibili-rethinking/build/ios-derived-data/Build/Intermediates.noindex/Paladala.build/Release-iphoneos/Paladala.build/Objects-normal/arm64/LogViewerView.o -o /Users/runner/work/pure-bilibili-rethinking/pure-bilibili-rethinking/build/ios-derived-data/Build/Intermediates.noindex/Paladala.build/Release-iphoneos/Paladala.build/Objects-normal/arm64/DeviceInfo.o -o /Users/runner/work/pure-bilibili-rethinking/pure-bilibili-rethinking/build/ios-derived-data/Build/Intermediates.noindex/Paladala.build/Release-iphoneos/Paladala.build/Objects-normal/arm64/Haptics.o -o /Users/runner/work/pure-bilibili-rethinking/pure-bilibili-rethinking/build/ios-derived-data/Build/Intermediates.noindex/Paladala.build/Release-iphoneos/Paladala.build/Objects-normal/arm64/OnboardingView.o -o /Users/runner/work/pure-bilibili-rethinking/pure-bilibili-rethinking/build/ios-derived-data/Build/Intermediates.noindex/Paladala.build/Release-iphoneos/Paladala.build/Objects-normal/arm64/NetworkMonitor.o -o /Users/runner/work/pure-bilibili-rethinking/pure-bilibili-rethinking/build/ios-derived-data/Build/Intermediates.noindex/Paladala.build/Release-iphoneos/Paladala.build/Objects-normal/arm64/MiniPlayerStore.o -o /Users/runner/work/pure-bilibili-rethinking/pure-bilibili-rethinking/build/ios-derived-data/Build/Intermediates.noindex/Paladala.build/Release-iphoneos/Paladala.build/Objects-normal/arm64/MiniPlayerOverlay.o -o /Users/runner/work/pure-bilibili-rethinking/pure-bilibili-rethinking/build/ios-derived-data/Build/Intermediates.noindex/Paladala.build/Release-iphoneos/Paladala.build/Objects-normal/arm64/Localizable.o -o /Users/runner/work/pure-bilibili-rethinking/pure-bilibili-rethinking/build/ios-derived-data/Build/Intermediates.noindex/Paladala.build/Release-iphoneos/Paladala.build/Objects-normal/arm64/LyricTypes.o -o /Users/runner/work/pure-bilibili-rethinking/pure-bilibili-rethinking/build/ios-derived-data/Build/Intermediates.noindex/Paladala.build/Release-iphoneos/Paladala.build/Objects-normal/arm64/BiliLyricParser.o -o /Users/runner/work/pure-bilibili-rethinking/pure-bilibili-rethinking/build/ios-derived-data/Build/Intermediates.noindex/Paladala.build/Release-iphoneos/Paladala.build/Objects-normal/arm64/MusicViewModel.o -o /Users/runner/work/pure-bilibili-rethinking/pure-bilibili-rethinking/build/ios-derived-data/Build/Intermediates.noindex/Paladala.build/Release-iphoneos/Paladala.build/Objects-normal/arm64/MusicHomeView.o -o /Users/runner/work/pure-bilibili-rethinking/pure-bilibili-rethinking/build/ios-derived-data/Build/Intermediates.noindex/Paladala.build/Release-iphoneos/Paladala.build/Objects-normal/arm64/MusicPlayerView.o -o /Users/runner/work/pure-bilibili-rethinking/pure-bilibili-rethinking/build/ios-derived-data/Build/Intermediates.noindex/Paladala.build/Release-iphoneos/Paladala.build/Objects-normal/arm64/MusicCard.o -o /Users/runner/work/pure-bilibili-rethinking/pure-bilibili-rethinking/build/ios-derived-data/Build/Intermediates.noindex/Paladala.build/Release-iphoneos/Paladala.build/Objects-normal/arm64/LyricScrollView.o -o /Users/runner/work/pure-bilibili-rethinking/pure-bilibili-rethinking/build/ios-derived-data/Build/Intermediates.noindex/Paladala.build/Release-iphoneos/Paladala.build/Objects-normal/arm64/MusicProgressBar.o -o /Users/runner/work/pure-bilibili-rethinking/pure-bilibili-rethinking/build/ios-derived-data/Build/Intermediates.noindex/Paladala.build/Release-iphoneos/Paladala.build/Objects-normal/arm64/AVPlayerController.o -o /Users/runner/work/pure-bilibili-rethinking/pure-bilibili-rethinking/build/ios-derived-data/Build/Intermediates.noindex/Paladala.build/Release-iphoneos/Paladala.build/Objects-normal/arm64/LocalHLSProxyServer.o -o /Users/runner/work/pure-bilibili-rethinking/pure-bilibili-rethinking/build/ios-derived-data/Build/Intermediates.noindex/Paladala.build/Release-iphoneos/Paladala.build/Objects-normal/arm64/WatchSession.o -o /Users/runner/work/pure-bilibili-rethinking/pure-bilibili-rethinking/build/ios-derived-data/Build/Intermediates.noindex/Paladala.build/Release-iphoneos/Paladala.build/Objects-normal/arm64/ICloudSync.o -o /Users/runner/work/pure-bilibili-rethinking/pure-bilibili-rethinking/build/ios-derived-data/Build/Intermediates.noindex/Paladala.build/Release-iphoneos/Paladala.build/Objects-normal/arm64/LiveActivityCoordinator.o -o /Users/runner/work/pure-bilibili-rethinking/pure-bilibili-rethinking/build/ios-derived-data/Build/Intermediates.noindex/Paladala.build/Release-iphoneos/Paladala.build/Objects-normal/arm64/FollowNotificationService.o -o /Users/runner/work/pure-bilibili-rethinking/pure-bilibili-rethinking/build/ios-derived-data/Build/Intermediates.noindex/Paladala.build/Release-iphoneos/Paladala.build/Objects-normal/arm64/LiveRoomActivityAttributes.o -o /Users/runner/work/pure-bilibili-rethinking/pure-bilibili-rethinking/build/ios-derived-data/Build/Intermediates.noindex/Paladala.build/Release-iphoneos/Paladala.build/Objects-normal/arm64/DownloadManager.o -o /Users/runner/work/pure-bilibili-rethinking/pure-bilibili-rethinking/build/ios-derived-data/Build/Intermediates.noindex/Paladala.build/Release-iphoneos/Paladala.build/Objects-normal/arm64/DownloadStore.o -o /Users/runner/work/pure-bilibili-rethinking/pure-bilibili-rethinking/build/ios-derived-data/Build/Intermediates.noindex/Paladala.build/Release-iphoneos/Paladala.build/Objects-normal/arm64/PlayProgressStore.o -o /Users/runner/work/pure-bilibili-rethinking/pure-bilibili-rethinking/build/ios-derived-data/Build/Intermediates.noindex/Paladala.build/Release-iphoneos/Paladala.build/Objects-normal/arm64/MP4Fragment.o -o /Users/runner/work/pure-bilibili-rethinking/pure-bilibili-rethinking/build/ios-derived-data/Build/Intermediates.noindex/Paladala.build/Release-iphoneos/Paladala.build/Objects-normal/arm64/PaladalaAppDelegate.o -o /Users/runner/work/pure-bilibili-rethinking/pure-bilibili-rethinking/build/ios-derived-data/Build/Intermediates.noindex/Paladala.build/Release-iphoneos/Paladala.build/Objects-normal/arm64/DownloadedVideosView.o -o /Users/runner/work/pure-bilibili-rethinking/pure-bilibili-rethinking/build/ios-derived-data/Build/Intermediates.noindex/Paladala.build/Release-iphoneos/Paladala.build/Objects-normal/arm64/DeepDiagnosticReportView.o -o /Users/runner/work/pure-bilibili-rethinking/pure-bilibili-rethinking/build/ios-derived-data/Build/Intermediates.noindex/Paladala.build/Release-iphoneos/Paladala.build/Objects-normal/arm64/InlineAVPlayerView.o -o /Users/runner/work/pure-bilibili-rethinking/pure-bilibili-rethinking/build/ios-derived-data/Build/Intermediates.noindex/Paladala.build/Release-iphoneos/Paladala.build/Objects-normal/arm64/Analytics.o -o /Users/runner/work/pure-bilibili-rethinking/pure-bilibili-rethinking/build/ios-derived-data/Build/Intermediates.noindex/Paladala.build/Release-iphoneos/Paladala.build/Objects-normal/arm64/LaunchMetrics.o -o /Users/runner/work/pure-bilibili-rethinking/pure-bilibili-rethinking/build/ios-derived-data/Build/Intermediates.noindex/Paladala.build/Release-iphoneos/Paladala.build/Objects-normal/arm64/UPProfileView.o -o /Users/runner/work/pure-bilibili-rethinking/pure-bilibili-rethinking/build/ios-derived-data/Build/Intermediates.noindex/Paladala.build/Release-iphoneos/Paladala.build/Objects-normal/arm64/AppVersion.o -o /Users/runner/work/pure-bilibili-rethinking/pure-bilibili-rethinking/build/ios-derived-data/Build/Intermediates.noindex/Paladala.build/Release-iphoneos/Paladala.build/Objects-normal/arm64/AboutView.o -o /Users/runner/work/pure-bilibili-rethinking/pure-bilibili-rethinking/build/ios-derived-data/Build/Intermediates.noindex/Paladala.build/Release-iphoneos/Paladala.build/Objects-normal/arm64/UpdateManager.o -o /Users/runner/work/pure-bilibili-rethinking/pure-bilibili-rethinking/build/ios-derived-data/Build/Intermediates.noindex/Paladala.build/Release-iphoneos/Paladala.build/Objects-normal/arm64/ShortcutManager.o -o /Users/runner/work/pure-bilibili-rethinking/pure-bilibili-rethinking/build/ios-derived-data/Build/Intermediates.noindex/Paladala.build/Release-iphoneos/Paladala.build/Objects-normal/arm64/SponsorBlockModels.o -o /Users/runner/work/pure-bilibili-rethinking/pure-bilibili-rethinking/build/ios-derived-data/Build/Intermediates.noindex/Paladala.build/Release-iphoneos/Paladala.build/Objects-normal/arm64/SponsorBlockService.o -o /Users/runner/work/pure-bilibili-rethinking/pure-bilibili-rethinking/build/ios-derived-data/Build/Intermediates.noindex/Paladala.build/Release-iphoneos/Paladala.build/Objects-normal/arm64/SponsorBlockManager.o -o /Users/runner/work/pure-bilibili-rethinking/pure-bilibili-rethinking/build/ios-derived-data/Build/Intermediates.noindex/Paladala.build/Release-iphoneos/Paladala.build/Objects-normal/arm64/SponsorBlockSettingsView.o -o /Users/runner/work/pure-bilibili-rethinking/pure-bilibili-rethinking/build/ios-derived-data/Build/Intermediates.noindex/Paladala.build/Release-iphoneos/Paladala.build/Objects-normal/arm64/FeedCacheWarmer.o -o /Users/runner/work/pure-bilibili-rethinking/pure-bilibili-rethinking/build/ios-derived-data/Build/Intermediates.noindex/Paladala.build/Release-iphoneos/Paladala.build/Objects-normal/arm64/LazyTab.o -o /Users/runner/work/pure-bilibili-rethinking/pure-bilibili-rethinking/build/ios-derived-data/Build/Intermediates.noindex/Paladala.build/Release-iphoneos/Paladala.build/Objects-normal/arm64/LoadState.o -o /Users/runner/work/pure-bilibili-rethinking/pure-bilibili-rethinking/build/ios-derived-data/Build/Intermediates.noindex/Paladala.build/Release-iphoneos/Paladala.build/Objects-normal/arm64/AppErrorCenter.o -o /Users/runner/work/pure-bilibili-rethinking/pure-bilibili-rethinking/build/ios-derived-data/Build/Intermediates.noindex/Paladala.build/Release-iphoneos/Paladala.build/Objects-normal/arm64/GenerationGuard.o -o /Users/runner/work/pure-bilibili-rethinking/pure-bilibili-rethinking/build/ios-derived-data/Build/Intermediates.noindex/Paladala.build/Release-iphoneos/Paladala.build/Objects-normal/arm64/SleepTimer.o -o /Users/runner/work/pure-bilibili-rethinking/pure-bilibili-rethinking/build/ios-derived-data/Build/Intermediates.noindex/Paladala.build/Release-iphoneos/Paladala.build/Objects-normal/arm64/SleepTimerHUDView.o -o /Users/runner/work/pure-bilibili-rethinking/pure-bilibili-rethinking/build/ios-derived-data/Build/Intermediates.noindex/Paladala.build/Release-iphoneos/Paladala.build/Objects-normal/arm64/PluginModels.o -o /Users/runner/work/pure-bilibili-rethinking/pure-bilibili-rethinking/build/ios-derived-data/Build/Intermediates.noindex/Paladala.build/Release-iphoneos/Paladala.build/Objects-normal/arm64/PluginManager.o -o /Users/runner/work/pure-bilibili-rethinking/pure-bilibili-rethinking/build/ios-derived-data/Build/Intermediates.noindex/Paladala.build/Release-iphoneos/Paladala.build/Objects-normal/arm64/PluginsSettingsView.o -o /Users/runner/work/pure-bilibili-rethinking/pure-bilibili-rethinking/build/ios-derived-data/Build/Intermediates.noindex/Paladala.build/Release-iphoneos/Paladala.build/Objects-normal/arm64/GeneratedAssetSymbols.o -index-unit-output-path /Paladala.build/Release-iphoneos/Paladala.build/Objects-normal/arm64/PaladalaApp.o -index-unit-output-path /Paladala.build/Release-iphoneos/Paladala.build/Objects-normal/arm64/AppRouter.o -index-unit-output-path /Paladala.build/Release-iphoneos/Paladala.build/Objects-normal/arm64/Models.o -index-unit-output-path /Paladala.build/Release-iphoneos/Paladala.build/Objects-normal/arm64/PaladalaTheme.o -index-unit-output-path /Paladala.build/Release-iphoneos/Paladala.build/Objects-normal/arm64/BilibiliAPIClient.o -index-unit-output-path /Paladala.build/Release-iphoneos/Paladala.build/Objects-normal/arm64/PaladalaRepository.o -index-unit-output-path /Paladala.build/Release-iphoneos/Paladala.build/Objects-normal/arm64/ViewModels.o -index-unit-output-path /Paladala.build/Release-iphoneos/Paladala.build/Objects-normal/arm64/RootView.o -index-unit-output-path /Paladala.build/Release-iphoneos/Paladala.build/Objects-normal/arm64/HomeView.o -index-unit-output-path /Paladala.build/Release-iphoneos/Paladala.build/Objects-normal/arm64/UISearchFieldBridge.o -index-unit-output-path /Paladala.build/Release-iphoneos/Paladala.build/Objects-normal/arm64/BangumiHomeView.o -index-unit-output-path /Paladala.build/Release-iphoneos/Paladala.build/Objects-normal/arm64/VideoDetailView.o -index-unit-output-path /Paladala.build/Release-iphoneos/Paladala.build/Objects-normal/arm64/DynamicFeedView.o -index-unit-output-path /Paladala.build/Release-iphoneos/Paladala.build/Objects-normal/arm64/LiveRoomsView.o -index-unit-output-path /Paladala.build/Release-iphoneos/Paladala.build/Objects-normal/arm64/CDNManager.o -index-unit-output-path /Paladala.build/Release-iphoneos/Paladala.build/Objects-normal/arm64/CDNSettingsView.o -index-unit-output-path /Paladala.build/Release-iphoneos/Paladala.build/Objects-normal/arm64/ProfileSettingsView.o -index-unit-output-path /Paladala.build/Release-iphoneos/Paladala.build/Objects-normal/arm64/SharedViews.o -index-unit-output-path /Paladala.build/Release-iphoneos/Paladala.build/Objects-normal/arm64/PaladalaAppIntents.o -index-unit-output-path /Paladala.build/Release-iphoneos/Paladala.build/Objects-normal/arm64/PlayerView.o -index-unit-output-path /Paladala.build/Release-iphoneos/Paladala.build/Objects-normal/arm64/DesignModifier.o -index-unit-output-path /Paladala.build/Release-iphoneos/Paladala.build/Objects-normal/arm64/BundledFeedService.o -index-unit-output-path /Paladala.build/Release-iphoneos/Paladala.build/Objects-normal/arm64/StoredAccount.o -index-unit-output-path /Paladala.build/Release-iphoneos/Paladala.build/Objects-normal/arm64/KeychainStore.o -index-unit-output-path /Paladala.build/Release-iphoneos/Paladala.build/Objects-normal/arm64/AccountSessionStore.o -index-unit-output-path /Paladala.build/Release-iphoneos/Paladala.build/Objects-normal/arm64/AuthStore.o -index-unit-output-path /Paladala.build/Release-iphoneos/Paladala.build/Objects-normal/arm64/BilibiliAuthAPI.o -index-unit-output-path /Paladala.build/Release-iphoneos/Paladala.build/Objects-normal/arm64/LoginViewModel.o -index-unit-output-path /Paladala.build/Release-iphoneos/Paladala.build/Objects-normal/arm64/LoginSheet.o -index-unit-output-path /Paladala.build/Release-iphoneos/Paladala.build/Objects-normal/arm64/AccountContentViews.o -index-unit-output-path /Paladala.build/Release-iphoneos/Paladala.build/Objects-normal/arm64/ReplyListView.o -index-unit-output-path /Paladala.build/Release-iphoneos/Paladala.build/Objects-normal/arm64/DiagnosticLogger.o -index-unit-output-path /Paladala.build/Release-iphoneos/Paladala.build/Objects-normal/arm64/LogViewerView.o -index-unit-output-path /Paladala.build/Release-iphoneos/Paladala.build/Objects-normal/arm64/DeviceInfo.o -index-unit-output-path /Paladala.build/Release-iphoneos/Paladala.build/Objects-normal/arm64/Haptics.o -index-unit-output-path /Paladala.build/Release-iphoneos/Paladala.build/Objects-normal/arm64/OnboardingView.o -index-unit-output-path /Paladala.build/Release-iphoneos/Paladala.build/Objects-normal/arm64/NetworkMonitor.o -index-unit-output-path /Paladala.build/Release-iphoneos/Paladala.build/Objects-normal/arm64/MiniPlayerStore.o -index-unit-output-path /Paladala.build/Release-iphoneos/Paladala.build/Objects-normal/arm64/MiniPlayerOverlay.o -index-unit-output-path /Paladala.build/Release-iphoneos/Paladala.build/Objects-normal/arm64/Localizable.o -index-unit-output-path /Paladala.build/Release-iphoneos/Paladala.build/Objects-normal/arm64/LyricTypes.o -index-unit-output-path /Paladala.build/Release-iphoneos/Paladala.build/Objects-normal/arm64/BiliLyricParser.o -index-unit-output-path /Paladala.build/Release-iphoneos/Paladala.build/Objects-normal/arm64/MusicViewModel.o -index-unit-output-path /Paladala.build/Release-iphoneos/Paladala.build/Objects-normal/arm64/MusicHomeView.o -index-unit-output-path /Paladala.build/Release-iphoneos/Paladala.build/Objects-normal/arm64/MusicPlayerView.o -index-unit-output-path /Paladala.build/Release-iphoneos/Paladala.build/Objects-normal/arm64/MusicCard.o -index-unit-output-path /Paladala.build/Release-iphoneos/Paladala.build/Objects-normal/arm64/LyricScrollView.o -index-unit-output-path /Paladala.build/Release-iphoneos/Paladala.build/Objects-normal/arm64/MusicProgressBar.o -index-unit-output-path /Paladala.build/Release-iphoneos/Paladala.build/Objects-normal/arm64/AVPlayerController.o -index-unit-output-path /Paladala.build/Release-iphoneos/Paladala.build/Objects-normal/arm64/LocalHLSProxyServer.o -index-unit-output-path /Paladala.build/Release-iphoneos/Paladala.build/Objects-normal/arm64/WatchSession.o -index-unit-output-path /Paladala.build/Release-iphoneos/Paladala.build/Objects-normal/arm64/ICloudSync.o -index-unit-output-path /Paladala.build/Release-iphoneos/Paladala.build/Objects-normal/arm64/LiveActivityCoordinator.o -index-unit-output-path /Paladala.build/Release-iphoneos/Paladala.build/Objects-normal/arm64/FollowNotificationService.o -index-unit-output-path /Paladala.build/Release-iphoneos/Paladala.build/Objects-normal/arm64/LiveRoomActivityAttributes.o -index-unit-output-path /Paladala.build/Release-iphoneos/Paladala.build/Objects-normal/arm64/DownloadManager.o -index-unit-output-path /Paladala.build/Release-iphoneos/Paladala.build/Objects-normal/arm64/DownloadStore.o -index-unit-output-path /Paladala.build/Release-iphoneos/Paladala.build/Objects-normal/arm64/PlayProgressStore.o -index-unit-output-path /Paladala.build/Release-iphoneos/Paladala.build/Objects-normal/arm64/MP4Fragment.o -index-unit-output-path /Paladala.build/Release-iphoneos/Paladala.build/Objects-normal/arm64/PaladalaAppDelegate.o -index-unit-output-path /Paladala.build/Release-iphoneos/Paladala.build/Objects-normal/arm64/DownloadedVideosView.o -index-unit-output-path /Paladala.build/Release-iphoneos/Paladala.build/Objects-normal/arm64/DeepDiagnosticReportView.o -index-unit-output-path /Paladala.build/Release-iphoneos/Paladala.build/Objects-normal/arm64/InlineAVPlayerView.o -index-unit-output-path /Paladala.build/Release-iphoneos/Paladala.build/Objects-normal/arm64/Analytics.o -index-unit-output-path /Paladala.build/Release-iphoneos/Paladala.build/Objects-normal/arm64/LaunchMetrics.o -index-unit-output-path /Paladala.build/Release-iphoneos/Paladala.build/Objects-normal/arm64/UPProfileView.o -index-unit-output-path /Paladala.build/Release-iphoneos/Paladala.build/Objects-normal/arm64/AppVersion.o -index-unit-output-path /Paladala.build/Release-iphoneos/Paladala.build/Objects-normal/arm64/AboutView.o -index-unit-output-path /Paladala.build/Release-iphoneos/Paladala.build/Objects-normal/arm64/UpdateManager.o -index-unit-output-path /Paladala.build/Release-iphoneos/Paladala.build/Objects-normal/arm64/ShortcutManager.o -index-unit-output-path /Paladala.build/Release-iphoneos/Paladala.build/Objects-normal/arm64/SponsorBlockModels.o -index-unit-output-path /Paladala.build/Release-iphoneos/Paladala.build/Objects-normal/arm64/SponsorBlockService.o -index-unit-output-path /Paladala.build/Release-iphoneos/Paladala.build/Objects-normal/arm64/SponsorBlockManager.o -index-unit-output-path /Paladala.build/Release-iphoneos/Paladala.build/Objects-normal/arm64/SponsorBlockSettingsView.o -index-unit-output-path /Paladala.build/Release-iphoneos/Paladala.build/Objects-normal/arm64/FeedCacheWarmer.o -index-unit-output-path /Paladala.build/Release-iphoneos/Paladala.build/Objects-normal/arm64/LazyTab.o -index-unit-output-path /Paladala.build/Release-iphoneos/Paladala.build/Objects-normal/arm64/LoadState.o -index-unit-output-path /Paladala.build/Release-iphoneos/Paladala.build/Objects-normal/arm64/AppErrorCenter.o -index-unit-output-path /Paladala.build/Release-iphoneos/Paladala.build/Objects-normal/arm64/GenerationGuard.o -index-unit-output-path /Paladala.build/Release-iphoneos/Paladala.build/Objects-normal/arm64/SleepTimer.o -index-unit-output-path /Paladala.build/Release-iphoneos/Paladala.build/Objects-normal/arm64/SleepTimerHUDView.o -index-unit-output-path /Paladala.build/Release-iphoneos/Paladala.build/Objects-normal/arm64/PluginModels.o -index-unit-output-path /Paladala.build/Release-iphoneos/Paladala.build/Objects-normal/arm64/PluginManager.o -index-unit-output-path /Paladala.build/Release-iphoneos/Paladala.build/Objects-normal/arm64/PluginsSettingsView.o -index-unit-output-path /Paladala.build/Release-iphoneos/Paladala.build/Objects-normal/arm64/GeneratedAssetSymbols.o
LinkAssetCatalog /Users/runner/work/pure-bilibili-rethinking/pure-bilibili-rethinking/ios/Paladala/Paladala/Assets.xcassets (in target 'Paladala' from project 'Paladala')
    cd /Users/runner/work/pure-bilibili-rethinking/pure-bilibili-rethinking/ios/Paladala
    builtin-linkAssetCatalog --thinned /Users/runner/work/pure-bilibili-rethinking/pure-bilibili-rethinking/build/ios-derived-data/Build/Intermediates.noindex/Paladala.build/Release-iphoneos/Paladala.build/assetcatalog_output/thinned --thinned-dependencies /Users/runner/work/pure-bilibili-rethinking/pure-bilibili-rethinking/build/ios-derived-data/Build/Intermediates.noindex/Paladala.build/Release-iphoneos/Paladala.build/assetcatalog_dependencies_thinned --thinned-info-plist-content /Users/runner/work/pure-bilibili-rethinking/pure-bilibili-rethinking/build/ios-derived-data/Build/Intermediates.noindex/Paladala.build/Release-iphoneos/Paladala.build/assetcatalog_generated_info.plist_thinned --unthinned /Users/runner/work/pure-bilibili-rethinking/pure-bilibili-rethinking/build/ios-derived-data/Build/Intermediates.noindex/Paladala.build/Release-iphoneos/Paladala.build/assetcatalog_output/unthinned --unthinned-dependencies /Users/runner/work/pure-bilibili-rethinking/pure-bilibili-rethinking/build/ios-derived-data/Build/Intermediates.noindex/Paladala.build/Release-iphoneos/Paladala.build/assetcatalog_dependencies_unthinned --unthinned-info-plist-content /Users/runner/work/pure-bilibili-rethinking/pure-bilibili-rethinking/build/ios-derived-data/Build/Intermediates.noindex/Paladala.build/Release-iphoneos/Paladala.build/assetcatalog_generated_info.plist_unthinned --output /Users/runner/work/pure-bilibili-rethinking/pure-bilibili-rethinking/build/ios-derived-data/Build/Products/Release-iphoneos/Paladala.app --plist-output /Users/runner/work/pure-bilibili-rethinking/pure-bilibili-rethinking/build/ios-derived-data/Build/Intermediates.noindex/Paladala.build/Release-iphoneos/Paladala.build/assetcatalog_generated_info.plist
note: Emplaced /Users/runner/work/pure-bilibili-rethinking/pure-bilibili-rethinking/build/ios-derived-data/Build/Products/Release-iphoneos/Paladala.app/Assets.car (in target 'Paladala' from project 'Paladala')
note: Emplaced /Users/runner/work/pure-bilibili-rethinking/pure-bilibili-rethinking/build/ios-derived-data/Build/Products/Release-iphoneos/Paladala.app/AppIcon60x60@2x.png (in target 'Paladala' from project 'Paladala')
note: Emplaced /Users/runner/work/pure-bilibili-rethinking/pure-bilibili-rethinking/build/ios-derived-data/Build/Products/Release-iphoneos/Paladala.app/AppIcon76x76@2x~ipad.png (in target 'Paladala' from project 'Paladala')

note: Disabling previews because SWIFT_VERSION is set and SWIFT_OPTIMIZATION_LEVEL=-O, expected -Onone (in target 'PaladalaWidget' from project 'Paladala')
note: Disabling previews because SWIFT_VERSION is set and SWIFT_OPTIMIZATION_LEVEL=-O, expected -Onone (in target 'Paladala' from project 'Paladala')
** BUILD FAILED **


The following build commands failed:
	CompileSwift normal arm64 (in target 'Paladala' from project 'Paladala')
	SwiftCompile normal arm64 Compiling\ PaladalaApp.swift,\ AppRouter.swift,\ Models.swift,\ PaladalaTheme.swift,\ BilibiliAPIClient.swift,\ PaladalaRepository.swift,\ ViewModels.swift,\ RootView.swift,\ HomeView.swift,\ UISearchFieldBridge.swift,\ BangumiHomeView.swift,\ VideoDetailView.swift,\ DynamicFeedView.swift,\ LiveRoomsView.swift,\ CDNManager.swift,\ CDNSettingsView.swift,\ ProfileSettingsView.swift,\ SharedViews.swift,\ PaladalaAppIntents.swift,\ PlayerView.swift,\ DesignModifier.swift,\ BundledFeedService.swift,\ StoredAccount.swift,\ KeychainStore.swift,\ AccountSessionStore.swift,\ AuthStore.swift,\ BilibiliAuthAPI.swift,\ LoginViewModel.swift,\ LoginSheet.swift,\ AccountContentViews.swift,\ ReplyListView.swift,\ DiagnosticLogger.swift,\ LogViewerView.swift,\ DeviceInfo.swift,\ Haptics.swift,\ OnboardingView.swift,\ NetworkMonitor.swift,\ MiniPlayerStore.swift,\ MiniPlayerOverlay.swift,\ Localizable.swift,\ LyricTypes.swift,\ BiliLyricParser.swift,\ MusicViewModel.swift,\ MusicHomeView.swift,\ MusicPlayerView.swift,\ MusicCard.swift,\ LyricScrollView.swift,\ MusicProgressBar.swift,\ AVPlayerController.swift,\ LocalHLSProxyServer.swift,\ WatchSession.swift,\ ICloudSync.swift,\ LiveActivityCoordinator.swift,\ FollowNotificationService.swift,\ LiveRoomActivityAttributes.swift,\ DownloadManager.swift,\ DownloadStore.swift,\ PlayProgressStore.swift,\ MP4Fragment.swift,\ PaladalaAppDelegate.swift,\ DownloadedVideosView.swift,\ DeepDiagnosticReportView.swift,\ InlineAVPlayerView.swift,\ Analytics.swift,\ LaunchMetrics.swift,\ UPProfileView.swift,\ AppVersion.swift,\ AboutView.swift,\ UpdateManager.swift,\ ShortcutManager.swift,\ SponsorBlockModels.swift,\ SponsorBlockService.swift,\ SponsorBlockManager.swift,\ SponsorBlockSettingsView.swift,\ FeedCacheWarmer.swift,\ LazyTab.swift,\ LoadState.swift,\ AppErrorCenter.swift,\ GenerationGuard.swift,\ SleepTimer.swift,\ SleepTimerHUDView.swift,\ PluginModels.swift,\ PluginManager.swift,\ PluginsSettingsView.swift,\ GeneratedAssetSymbols.swift /Users/runner/work/pure-bilibili-rethinking/pure-bilibili-rethinking/ios/Paladala/Paladala/PaladalaApp.swift /Users/runner/work/pure-bilibili-rethinking/pure-bilibili-rethinking/ios/Paladala/Paladala/AppRouter.swift /Users/runner/work/pure-bilibili-rethinking/pure-bilibili-rethinking/ios/Paladala/Paladala/Models.swift /Users/runner/work/pure-bilibili-rethinking/pure-bilibili-rethinking/ios/Paladala/Paladala/PaladalaTheme.swift /Users/runner/work/pure-bilibili-rethinking/pure-bilibili-rethinking/ios/Paladala/Paladala/BilibiliAPIClient.swift /Users/runner/work/pure-bilibili-rethinking/pure-bilibili-rethinking/ios/Paladala/Paladala/PaladalaRepository.swift /Users/runner/work/pure-bilibili-rethinking/pure-bilibili-rethinking/ios/Paladala/Paladala/ViewModels.swift /Users/runner/work/pure-bilibili-rethinking/pure-bilibili-rethinking/ios/Paladala/Paladala/RootView.swift /Users/runner/work/pure-bilibili-rethinking/pure-bilibili-rethinking/ios/Paladala/Paladala/HomeView.swift /Users/runner/work/pure-bilibili-rethinking/pure-bilibili-rethinking/ios/Paladala/Paladala/UISearchFieldBridge.swift /Users/runner/work/pure-bilibili-rethinking/pure-bilibili-rethinking/ios/Paladala/Paladala/BangumiHomeView.swift /Users/runner/work/pure-bilibili-rethinking/pure-bilibili-rethinking/ios/Paladala/Paladala/VideoDetailView.swift /Users/runner/work/pure-bilibili-rethinking/pure-bilibili-rethinking/ios/Paladala/Paladala/DynamicFeedView.swift /Users/runner/work/pure-bilibili-rethinking/pure-bilibili-rethinking/ios/Paladala/Paladala/LiveRoomsView.swift /Users/runner/work/pure-bilibili-rethinking/pure-bilibili-rethinking/ios/Paladala/Paladala/CDNManager.swift /Users/runner/work/pure-bilibili-rethinking/pure-bilibili-rethinking/ios/Paladala/Paladala/CDNSettingsView.swift /Users/runner/work/pure-bilibili-rethinking/pure-bilibili-rethinking/ios/Paladala/Paladala/ProfileSettingsView.swift /Users/runner/work/pure-bilibili-rethinking/pure-bilibili-rethinking/ios/Paladala/Paladala/SharedViews.swift /Users/runner/work/pure-bilibili-rethinking/pure-bilibili-rethinking/ios/Paladala/Paladala/PaladalaAppIntents.swift /Users/runner/work/pure-bilibili-rethinking/pure-bilibili-rethinking/ios/Paladala/Paladala/PlayerView.swift /Users/runner/work/pure-bilibili-rethinking/pure-bilibili-rethinking/ios/Paladala/Paladala/DesignModifier.swift /Users/runner/work/pure-bilibili-rethinking/pure-bilibili-rethinking/ios/Paladala/Paladala/BundledFeedService.swift /Users/runner/work/pure-bilibili-rethinking/pure-bilibili-rethinking/ios/Paladala/Paladala/Auth/StoredAccount.swift /Users/runner/work/pure-bilibili-rethinking/pure-bilibili-rethinking/ios/Paladala/Paladala/Auth/KeychainStore.swift /Users/runner/work/pure-bilibili-rethinking/pure-bilibili-rethinking/ios/Paladala/Paladala/Auth/AccountSessionStore.swift /Users/runner/work/pure-bilibili-rethinking/pure-bilibili-rethinking/ios/Paladala/Paladala/Auth/AuthStore.swift /Users/runner/work/pure-bilibili-rethinking/pure-bilibili-rethinking/ios/Paladala/Paladala/Auth/BilibiliAuthAPI.swift /Users/runner/work/pure-bilibili-rethinking/pure-bilibili-rethinking/ios/Paladala/Paladala/Login/LoginViewModel.swift /Users/runner/work/pure-bilibili-rethinking/pure-bilibili-rethinking/ios/Paladala/Paladala/Login/LoginSheet.swift /Users/runner/work/pure-bilibili-rethinking/pure-bilibili-rethinking/ios/Paladala/Paladala/AccountContentViews.swift /Users/runner/work/pure-bilibili-rethinking/pure-bilibili-rethinking/ios/Paladala/Paladala/ReplyListView.swift /Users/runner/work/pure-bilibili-rethinking/pure-bilibili-rethinking/ios/Paladala/Paladala/DiagnosticLogger.swift /Users/runner/work/pure-bilibili-rethinking/pure-bilibili-rethinking/ios/Paladala/Paladala/LogViewerView.swift /Users/runner/work/pure-bilibili-rethinking/pure-bilibili-rethinking/ios/Paladala/Paladala/DeviceInfo.swift /Users/runner/work/pure-bilibili-rethinking/pure-bilibili-rethinking/ios/Paladala/Paladala/Haptics.swift /Users/runner/work/pure-bilibili-rethinking/pure-bilibili-rethinking/ios/Paladala/Paladala/OnboardingView.swift /Users/runner/work/pure-bilibili-rethinking/pure-bilibili-rethinking/ios/Paladala/Paladala/NetworkMonitor.swift /Users/runner/work/pure-bilibili-rethinking/pure-bilibili-rethinking/ios/Paladala/Paladala/MiniPlayerStore.swift /Users/runner/work/pure-bilibili-rethinking/pure-bilibili-rethinking/ios/Paladala/Paladala/MiniPlayerOverlay.swift /Users/runner/work/pure-bilibili-rethinking/pure-bilibili-rethinking/ios/Paladala/Paladala/Localizable.swift /Users/runner/work/pure-bilibili-rethinking/pure-bilibili-rethinking/ios/Paladala/Paladala/Music/Models/LyricTypes.swift /Users/runner/work/pure-bilibili-rethinking/pure-bilibili-rethinking/ios/Paladala/Paladala/Music/Parsers/BiliLyricParser.swift /Users/runner/work/pure-bilibili-rethinking/pure-bilibili-rethinking/ios/Paladala/Paladala/Music/ViewModels/MusicViewModel.swift /Users/runner/work/pure-bilibili-rethinking/pure-bilibili-rethinking/ios/Paladala/Paladala/Music/Views/MusicHomeView.swift /Users/runner/work/pure-bilibili-rethinking/pure-bilibili-rethinking/ios/Paladala/Paladala/Music/Views/MusicPlayerView.swift /Users/runner/work/pure-bilibili-rethinking/pure-bilibili-rethinking/ios/Paladala/Paladala/Music/Views/Components/MusicCard.swift /Users/runner/work/pure-bilibili-rethinking/pure-bilibili-rethinking/ios/Paladala/Paladala/Music/Views/Components/LyricScrollView.swift /Users/runner/work/pure-bilibili-rethinking/pure-bilibili-rethinking/ios/Paladala/Paladala/Music/Views/Components/MusicProgressBar.swift /Users/runner/work/pure-bilibili-rethinking/pure-bilibili-rethinking/ios/Paladala/Paladala/AVPlayerController.swift /Users/runner/work/pure-bilibili-rethinking/pure-bilibili-rethinking/ios/Paladala/Paladala/LocalHLSProxyServer.swift /Users/runner/work/pure-bilibili-rethinking/pure-bilibili-rethinking/ios/Paladala/Paladala/WatchSession.swift /Users/runner/work/pure-bilibili-rethinking/pure-bilibili-rethinking/ios/Paladala/Paladala/ICloudSync.swift /Users/runner/work/pure-bilibili-rethinking/pure-bilibili-rethinking/ios/Paladala/Paladala/LiveActivityCoordinator.swift /Users/runner/work/pure-bilibili-rethinking/pure-bilibili-rethinking/ios/Paladala/Paladala/FollowNotificationService.swift /Users/runner/work/pure-bilibili-rethinking/pure-bilibili-rethinking/ios/Paladala/Paladala/Shared/LiveRoomActivityAttributes.swift /Users/runner/work/pure-bilibili-rethinking/pure-bilibili-rethinking/ios/Paladala/Paladala/DownloadManager.swift /Users/runner/work/pure-bilibili-rethinking/pure-bilibili-rethinking/ios/Paladala/Paladala/DownloadStore.swift /Users/runner/work/pure-bilibili-rethinking/pure-bilibili-rethinking/ios/Paladala/Paladala/PlayProgressStore.swift /Users/runner/work/pure-bilibili-rethinking/pure-bilibili-rethinking/ios/Paladala/Paladala/MP4Fragment.swift /Users/runner/work/pure-bilibili-rethinking/pure-bilibili-rethinking/ios/Paladala/Paladala/PaladalaAppDelegate.swift /Users/runner/work/pure-bilibili-rethinking/pure-bilibili-rethinking/ios/Paladala/Paladala/DownloadedVideosView.swift /Users/runner/work/pure-bilibili-rethinking/pure-bilibili-rethinking/ios/Paladala/Paladala/DeepDiagnosticReportView.swift /Users/runner/work/pure-bilibili-rethinking/pure-bilibili-rethinking/ios/Paladala/Paladala/InlineAVPlayerView.swift /Users/runner/work/pure-bilibili-rethinking/pure-bilibili-rethinking/ios/Paladala/Paladala/Analytics.swift /Users/runner/work/pure-bilibili-rethinking/pure-bilibili-rethinking/ios/Paladala/Paladala/LaunchMetrics.swift /Users/runner/work/pure-bilibili-rethinking/pure-bilibili-rethinking/ios/Paladala/Paladala/UPProfileView.swift /Users/runner/work/pure-bilibili-rethinking/pure-bilibili-rethinking/ios/Paladala/Paladala/AppVersion.swift /Users/runner/work/pure-bilibili-rethinking/pure-bilibili-rethinking/ios/Paladala/Paladala/AboutView.swift /Users/runner/work/pure-bilibili-rethinking/pure-bilibili-rethinking/ios/Paladala/Paladala/UpdateManager.swift /Users/runner/work/pure-bilibili-rethinking/pure-bilibili-rethinking/ios/Paladala/Paladala/ShortcutManager.swift /Users/runner/work/pure-bilibili-rethinking/pure-bilibili-rethinking/ios/Paladala/Paladala/SponsorBlockModels.swift /Users/runner/work/pure-bilibili-rethinking/pure-bilibili-rethinking/ios/Paladala/Paladala/SponsorBlockService.swift /Users/runner/work/pure-bilibili-rethinking/pure-bilibili-rethinking/ios/Paladala/Paladala/SponsorBlockManager.swift /Users/runner/work/pure-bilibili-rethinking/pure-bilibili-rethinking/ios/Paladala/Paladala/SponsorBlockSettingsView.swift /Users/runner/work/pure-bilibili-rethinking/pure-bilibili-rethinking/ios/Paladala/Paladala/FeedCacheWarmer.swift /Users/runner/work/pure-bilibili-rethinking/pure-bilibili-rethinking/ios/Paladala/Paladala/LazyTab.swift /Users/runner/work/pure-bilibili-rethinking/pure-bilibili-rethinking/ios/Paladala/Paladala/LoadState.swift /Users/runner/work/pure-bilibili-rethinking/pure-bilibili-rethinking/ios/Paladala/Paladala/AppErrorCenter.swift /Users/runner/work/pure-bilibili-rethinking/pure-bilibili-rethinking/ios/Paladala/Paladala/GenerationGuard.swift /Users/runner/work/pure-bilibili-rethinking/pure-bilibili-rethinking/ios/Paladala/Paladala/SleepTimer.swift /Users/runner/work/pure-bilibili-rethinking/pure-bilibili-rethinking/ios/Paladala/Paladala/SleepTimerHUDView.swift /Users/runner/work/pure-bilibili-rethinking/pure-bilibili-rethinking/ios/Paladala/Paladala/PluginModels.swift /Users/runner/work/pure-bilibili-rethinking/pure-bilibili-rethinking/ios/Paladala/Paladala/PluginManager.swift /Users/runner/work/pure-bilibili-rethinking/pure-bilibili-rethinking/ios/Paladala/Paladala/PluginsSettingsView.swift /Users/runner/work/pure-bilibili-rethinking/pure-bilibili-rethinking/build/ios-derived-data/Build/Intermediates.noindex/Paladala.build/Release-iphoneos/Paladala.build/DerivedSources/GeneratedAssetSymbols.swift /Users/runner/work/pure-bilibili-rethinking/pure-bilibili-rethinking/build/ios-derived-data/Build/Intermediates.noindex/PrecompiledHeaders/Paladala-Bridging-Header.pch (in target 'Paladala' from project 'Paladala')
	Building project Paladala with scheme Paladala and configuration Release
(3 failures)
